timestamp,open,high,low,close,volume,oi
2020-10-01 00:00:00+05:30,1045.0,1051.2,1017.7,1022.4,11385685,0
2020-10-05 00:00:00+05:30,1034.0,1038.0,1020.6,1031.9,9188415,0
2020-10-06 00:00:00+05:30,1031.9,1045.35,1022.45,1027.3,8450035,0
2020-10-07 00:00:00+05:30,1029.0,1039.0,1018.65,1021.0,7912070,0
2020-10-08 00:00:00+05:30,1028.8,1042.95,1011.2,1038.9,11102810,0
2020-10-09 00:00:00+05:30,1030.2,1051.6,1027.2,1030.6,11669875,0
2020-10-12 00:00:00+05:30,1031.6,1047.6,1022.2,1044.1,9679060,0
2020-10-13 00:00:00+05:30,1046.0,1064.55,1031.55,1033.75,16819875,0
2020-10-14 00:00:00+05:30,1035.0,1043.95,1018.15,1024.6,9323140,0
2020-10-15 00:00:00+05:30,1029.75,1033.0,1004.0,1011.25,8843140,0
2020-10-16 00:00:00+05:30,1007.2,1025.0,1004.0,1016.1,10115575,0
2020-10-19 00:00:00+05:30,1042.2,1043.0,1008.4,1011.65,10753670,0
2020-10-20 00:00:00+05:30,1011.4,1022.0,1006.2,1014.25,6901450,0
2020-10-21 00:00:00+05:30,1019.3,1019.3,981.3,1009.35,8007455,0
2020-10-22 00:00:00+05:30,1007.35,1008.95,966.2,1004.4,24590740,0
2020-10-23 00:00:00+05:30,1010.2,1018.2,999.2,1003.65,9087405,0
2020-10-26 00:00:00+05:30,1001.6,1012.4,990.25,995.6,7040395,0
2020-10-27 00:00:00+05:30,998.0,1025.4,992.1,1019.9,9217735,0
2020-10-28 00:00:00+05:30,1022.0,1030.0,984.0,990.2,18141670,0
2020-10-29 00:00:00+05:30,984.0,1008.0,979.0,988.4,11551435,0
2020-10-30 00:00:00+05:30,994.8,995.6,974.05,977.75,6316955,0
2020-11-02 00:00:00+05:30,979.2,984.0,964.15,971.75,5854965,0
2020-11-03 00:00:00+05:30,970.2,984.0,966.2,975.45,7304100,0
2020-11-04 00:00:00+05:30,980.35,992.95,975.5,987.1,7607400,0
2020-11-05 00:00:00+05:30,994.55,999.85,984.4,991.7,5170230,0
2020-11-06 00:00:00+05:30,992.6,992.6,978.15,980.6,5452210,0
2020-11-09 00:00:00+05:30,985.0,990.8,974.0,975.95,6028255,0
2020-11-10 00:00:00+05:30,964.8,973.6,935.9,939.6,9830150,0
2020-11-11 00:00:00+05:30,946.0,984.0,938.2,976.45,13535220,0
2020-11-12 00:00:00+05:30,975.0,985.0,961.0,965.35,6582350,0
2020-11-13 00:00:00+05:30,970.0,976.95,966.0,971.4,5459350,0
2020-11-14 00:00:00+05:30,976.25,979.6,966.0,974.4,676080,0
2020-11-17 00:00:00+05:30,975.0,975.95,954.0,956.85,6416065,0
2020-11-18 00:00:00+05:30,957.0,959.0,935.0,940.75,6500295,0
2020-11-19 00:00:00+05:30,935.0,962.35,931.4,941.55,8836445,0
2020-11-20 00:00:00+05:30,946.0,950.45,931.25,934.2,4774680,0
2020-11-23 00:00:00+05:30,937.0,974.0,934.2,965.75,10763015,0
2020-11-24 00:00:00+05:30,970.0,988.0,957.15,983.1,9611490,0
2020-11-25 00:00:00+05:30,999.6,1003.4,956.2,961.25,13295580,0
2020-11-26 00:00:00+05:30,962.0,985.85,954.75,980.25,8336175,0
2020-11-27 00:00:00+05:30,980.2,987.1,961.85,965.8,10018690,0
2020-12-01 00:00:00+05:30,974.0,974.0,961.2,966.1,5585950,0
2020-12-02 00:00:00+05:30,970.4,977.8,962.2,970.05,6117260,0
2020-12-03 00:00:00+05:30,974.0,987.8,968.5,984.6,5174465,0
2020-12-04 00:00:00+05:30,988.0,992.1,972.4,981.7,6998410,0
2020-12-07 00:00:00+05:30,986.0,1014.8,981.0,1005.8,12029520,0
2020-12-08 00:00:00+05:30,1010.0,1016.0,991.2,1003.05,6638505,0
2020-12-09 00:00:00+05:30,1005.0,1020.0,1005.0,1011.4,6767490,0
2020-12-10 00:00:00+05:30,1011.6,1017.3,1003.0,1010.6,4741470,0
2020-12-11 00:00:00+05:30,1011.0,1016.8,996.95,1003.4,3839815,0
2020-12-14 00:00:00+05:30,990.4,1010.8,990.4,1004.55,5918125,0
2020-12-15 00:00:00+05:30,1009.4,1015.2,1002.05,1006.25,5025520,0
2020-12-16 00:00:00+05:30,1010.0,1010.35,1001.2,1007.8,4162280,0
2020-12-17 00:00:00+05:30,1010.0,1026.9,1006.0,1014.55,6803005,0
2020-12-18 00:00:00+05:30,1016.0,1052.55,1015.65,1045.75,18525665,0
2020-12-21 00:00:00+05:30,1048.6,1054.85,992.4,1013.7,9061285,0
2020-12-22 00:00:00+05:30,1021.55,1035.0,987.25,1032.35,7764120,0
2020-12-23 00:00:00+05:30,1032.3,1047.75,1026.25,1044.8,4062350,0
2020-12-24 00:00:00+05:30,1049.4,1049.4,1033.0,1040.35,3378180,0
2020-12-28 00:00:00+05:30,1045.65,1047.0,1037.4,1040.35,2055865,0
2020-12-29 00:00:00+05:30,1045.0,1053.8,1029.1,1033.1,4412165,0
2020-12-30 00:00:00+05:30,1038.3,1038.3,1028.5,1034.2,2376345,0
2020-12-31 00:00:00+05:30,1038.0,1050.75,1032.2,1041.0,6036190,0
2021-01-01 00:00:00+05:30,1043.45,1050.95,1040.0,1048.25,2915215,0
2021-01-04 00:00:00+05:30,1052.0,1061.65,1048.25,1054.45,3923440,0
2021-01-05 00:00:00+05:30,1048.0,1067.4,1045.4,1057.4,4770920,0
2021-01-06 00:00:00+05:30,1057.4,1063.0,1045.2,1057.65,2713390,0
2021-01-07 00:00:00+05:30,1060.2,1065.0,1050.6,1054.2,3266465,0
2021-01-08 00:00:00+05:30,1060.0,1072.0,1055.8,1067.65,4045915,0
2021-01-11 00:00:00+05:30,1068.8,1085.4,1065.2,1083.35,4599235,0
2021-01-12 00:00:00+05:30,1088.2,1088.7,1065.9,1070.75,3741860,0
2021-01-13 00:00:00+05:30,1073.0,1075.0,1047.6,1058.0,3296060,0
2021-01-14 00:00:00+05:30,1061.0,1065.6,1053.0,1061.8,2674860,0
2021-01-15 00:00:00+05:30,1063.0,1063.0,1039.1,1042.55,2577605,0
2021-01-18 00:00:00+05:30,1046.2,1047.6,1007.0,1010.4,4412055,0
2021-01-19 00:00:00+05:30,1017.6,1021.0,1007.3,1017.8,3990495,0
2021-01-20 00:00:00+05:30,1020.45,1031.95,1013.0,1016.15,3398145,0
2021-01-21 00:00:00+05:30,1022.0,1027.6,1006.8,1010.45,2906620,0
2021-01-22 00:00:00+05:30,1009.75,1021.05,997.0,1007.4,3815610,0
2021-01-25 00:00:00+05:30,1008.4,1025.7,992.0,1016.5,3588895,0
2021-01-27 00:00:00+05:30,1010.5,1010.5,966.55,981.85,5261980,0
2021-01-28 00:00:00+05:30,969.0,980.8,955.4,974.35,5165470,0
2021-01-29 00:00:00+05:30,978.0,983.0,910.0,920.55,14820975,0
2021-02-01 00:00:00+05:30,912.0,915.55,878.6,885.65,12951700,0
2021-02-02 00:00:00+05:30,893.8,905.6,876.2,896.5,18375530,0
2021-02-03 00:00:00+05:30,915.8,952.3,908.5,929.9,17227025,0
2021-02-04 00:00:00+05:30,938.6,941.2,924.4,933.6,6508800,0
2021-02-05 00:00:00+05:30,937.0,966.0,925.15,960.2,12038405,0
2021-02-08 00:00:00+05:30,973.0,982.0,965.0,971.95,10792890,0
2021-02-09 00:00:00+05:30,970.0,979.15,961.0,968.8,6233845,0
2021-02-10 00:00:00+05:30,969.0,976.8,952.2,964.8,5767115,0
2021-02-11 00:00:00+05:30,964.2,972.0,962.0,965.0,3557750,0
2021-02-12 00:00:00+05:30,971.95,971.95,957.0,958.4,2504510,0
2021-02-15 00:00:00+05:30,958.4,966.7,940.0,941.95,4923205,0
2021-02-16 00:00:00+05:30,945.8,952.3,934.0,939.3,4064700,0
2021-02-17 00:00:00+05:30,939.3,942.0,916.0,920.1,5106775,0
2021-02-18 00:00:00+05:30,921.4,932.75,912.0,923.4,5147530,0
2021-02-19 00:00:00+05:30,920.4,945.6,906.0,936.3,6392670,0
2021-02-22 00:00:00+05:30,941.6,945.4,888.65,893.85,6976565,0
2021-02-23 00:00:00+05:30,899.6,906.85,884.1,899.05,5317090,0
2021-02-24 00:00:00+05:30,899.05,904.75,875.4,887.1,3677930,0
2021-02-25 00:00:00+05:30,884.25,918.0,884.25,896.05,8531875,0
2021-02-26 00:00:00+05:30,892.0,911.7,881.0,885.3,7534450,0
2021-03-01 00:00:00+05:30,889.0,895.6,880.05,890.7,3545365,0
2021-03-02 00:00:00+05:30,894.7,896.0,878.05,880.95,9188390,0
2021-03-03 00:00:00+05:30,893.0,903.15,885.2,900.5,4253070,0
2021-03-04 00:00:00+05:30,896.4,916.65,888.8,915.0,7364955,0
2021-03-05 00:00:00+05:30,910.0,912.0,896.8,898.5,4131845,0
2021-03-08 00:00:00+05:30,900.0,904.4,892.6,898.45,2782080,0
2021-03-09 00:00:00+05:30,900.2,904.0,883.3,889.65,2715590,0
2021-03-10 00:00:00+05:30,899.2,903.95,891.2,900.1,3149805,0
2021-03-12 00:00:00+05:30,904.0,906.0,880.6,885.3,3439260,0
2021-03-15 00:00:00+05:30,892.0,892.45,857.0,868.45,4608790,0
2021-03-16 00:00:00+05:30,876.0,893.35,873.0,889.95,4678635,0
2021-03-17 00:00:00+05:30,889.95,893.0,868.85,871.15,4769865,0
2021-03-18 00:00:00+05:30,874.0,875.7,839.0,842.55,6054535,0
2021-03-19 00:00:00+05:30,842.0,861.05,827.0,854.9,7062075,0
2021-03-22 00:00:00+05:30,855.4,873.6,853.65,870.8,4336515,0
2021-03-23 00:00:00+05:30,870.0,880.6,864.4,874.45,3326180,0
2021-03-24 00:00:00+05:30,870.05,883.8,866.25,870.1,3912020,0
2021-03-25 00:00:00+05:30,870.0,880.45,856.95,876.1,4707080,0
2021-03-26 00:00:00+05:30,884.0,884.6,869.55,881.2,3626590,0
2021-03-30 00:00:00+05:30,886.0,905.5,884.2,903.65,4331750,0
2021-03-31 00:00:00+05:30,902.0,909.35,896.2,903.2,3862550,0
2021-04-01 00:00:00+05:30,910.0,919.0,904.4,917.55,3238200,0
2021-04-05 00:00:00+05:30,912.0,916.8,884.8,911.3,3661290,0
2021-04-06 00:00:00+05:30,911.8,928.0,908.4,923.85,3711470,0
2021-04-07 00:00:00+05:30,932.45,946.8,928.2,938.55,5568060,0
2021-04-08 00:00:00+05:30,938.55,951.2,932.25,937.8,3303175,0
2021-04-09 00:00:00+05:30,938.6,958.8,938.25,952.05,6810735,0
2021-04-12 00:00:00+05:30,955.0,1024.0,939.0,999.4,17568825,0
2021-04-13 00:00:00+05:30,1028.95,1028.95,950.2,955.45,19686170,0
2021-04-15 00:00:00+05:30,968.6,975.0,957.0,969.1,6934505,0
2021-04-16 00:00:00+05:30,972.75,988.0,963.05,978.65,5990145,0
2021-04-19 00:00:00+05:30,978.6,1001.0,961.4,993.6,9219640,0
2021-04-20 00:00:00+05:30,1020.0,1042.15,1017.9,1031.35,17424880,0
2021-04-22 00:00:00+05:30,1036.0,1058.0,1031.8,1039.95,12120670,0
2021-04-23 00:00:00+05:30,1045.6,1053.25,1006.0,1013.35,11774495,0
2021-04-26 00:00:00+05:30,1025.0,1026.0,1006.05,1013.35,4752885,0
2021-04-27 00:00:00+05:30,1018.1,1023.2,1004.25,1011.45,4789175,0
2021-04-28 00:00:00+05:30,1016.5,1021.4,1006.0,1008.9,4219765,0
2021-04-29 00:00:00+05:30,1014.05,1028.8,1008.45,1020.45,5359655,0
2021-04-30 00:00:00+05:30,1028.0,1042.2,1025.05,1032.6,6534750,0
2021-05-03 00:00:00+05:30,1038.8,1042.45,1028.0,1037.2,4689495,0
2021-05-04 00:00:00+05:30,1042.2,1044.6,1010.85,1013.45,3978090,0
2021-05-05 00:00:00+05:30,1022.0,1040.4,1014.0,1032.2,5055995,0
2021-05-06 00:00:00+05:30,1033.0,1050.4,1026.0,1033.7,4891875,0
2021-05-07 00:00:00+05:30,1040.0,1049.8,1033.2,1034.95,3924345,0
2021-05-10 00:00:00+05:30,1076.0,1078.0,1054.4,1065.5,11222420,0
2021-05-11 00:00:00+05:30,1065.0,1070.0,1054.25,1059.2,4724450,0
2021-05-12 00:00:00+05:30,1063.6,1068.0,1055.0,1060.3,4400825,0
2021-05-14 00:00:00+05:30,1067.7,1079.7,1032.0,1039.35,14885055,0
2021-05-17 00:00:00+05:30,1050.0,1052.0,1029.0,1050.05,6846935,0
2021-05-18 00:00:00+05:30,1058.05,1061.0,1042.0,1043.1,4550200,0
2021-05-19 00:00:00+05:30,1047.0,1052.8,1041.2,1047.55,4594605,0
2021-05-20 00:00:00+05:30,1051.0,1057.2,1045.0,1047.25,3879585,0
2021-05-21 00:00:00+05:30,1051.2,1053.9,1039.25,1043.3,3558170,0
2021-05-24 00:00:00+05:30,1047.2,1059.8,1045.35,1054.45,3532490,0
2021-05-25 00:00:00+05:30,1057.9,1064.0,1051.0,1062.25,3478075,0
2021-05-26 00:00:00+05:30,1064.0,1067.0,1055.0,1057.05,2537400,0
2021-05-27 00:00:00+05:30,1055.75,1056.8,1046.05,1053.75,3891965,0
2021-05-28 00:00:00+05:30,1056.0,1056.0,1030.0,1038.9,4373725,0
2021-05-31 00:00:00+05:30,1043.4,1067.05,1034.25,1061.85,4338240,0
2021-06-01 00:00:00+05:30,1061.0,1067.8,1053.05,1063.3,3736865,0
2021-06-02 00:00:00+05:30,1061.25,1070.8,1056.6,1062.45,2729755,0
2021-06-03 00:00:00+05:30,1062.0,1068.0,1053.4,1056.5,2833590,0
2021-06-04 00:00:00+05:30,1056.5,1058.0,1048.4,1051.0,2007655,0
2021-06-07 00:00:00+05:30,1052.2,1054.75,1042.55,1043.85,1819835,0
2021-06-08 00:00:00+05:30,1044.0,1059.2,1030.0,1054.95,3663570,0
2021-06-09 00:00:00+05:30,1055.6,1062.0,1041.6,1044.55,2365525,0
2021-06-10 00:00:00+05:30,1046.5,1060.0,1046.5,1058.4,1836400,0
2021-06-11 00:00:00+05:30,1060.0,1098.0,1057.7,1090.6,7277420,0
2021-06-14 00:00:00+05:30,1090.6,1103.0,1074.0,1092.25,4489710,0
2021-06-15 00:00:00+05:30,1095.0,1096.6,1080.4,1082.15,2844075,0
2021-06-16 00:00:00+05:30,1082.0,1091.6,1068.05,1081.2,3492955,0
2021-06-17 00:00:00+05:30,1081.2,1082.8,1049.7,1057.3,3536160,0
2021-06-18 00:00:00+05:30,1063.0,1069.0,1046.95,1056.8,3487140,0
2021-06-21 00:00:00+05:30,1055.0,1060.0,1045.4,1056.4,2077445,0
2021-06-22 00:00:00+05:30,1057.1,1064.0,1050.1,1061.65,2134275,0
2021-06-23 00:00:00+05:30,1064.4,1070.0,1057.45,1059.85,2055715,0
2021-06-24 00:00:00+05:30,1059.8,1063.0,1050.0,1055.55,1830910,0
2021-06-25 00:00:00+05:30,1055.4,1067.2,1053.4,1061.85,2320365,0
2021-06-28 00:00:00+05:30,1065.8,1084.0,1062.5,1080.85,2964815,0
2021-06-29 00:00:00+05:30,1082.2,1091.0,1076.0,1086.6,2881305,0
2021-06-30 00:00:00+05:30,1087.8,1093.75,1081.0,1084.6,2340440,0
2021-07-01 00:00:00+05:30,1085.2,1116.0,1082.5,1111.7,4157750,0
2021-07-02 00:00:00+05:30,1116.0,1120.0,1102.3,1115.15,2858690,0
2021-07-05 00:00:00+05:30,1115.25,1119.2,1106.4,1107.6,1486705,0
2021-07-06 00:00:00+05:30,1107.95,1112.25,1102.8,1107.9,890540,0
2021-07-07 00:00:00+05:30,1105.8,1122.9,1103.0,1112.4,2692540,0
2021-07-08 00:00:00+05:30,1108.0,1117.6,1089.9,1093.35,2255835,0
2021-07-09 00:00:00+05:30,1089.6,1104.05,1083.4,1092.05,2304980,0
2021-07-12 00:00:00+05:30,1100.0,1100.0,1088.0,1098.85,913295,0
2021-07-13 00:00:00+05:30,1098.85,1106.8,1085.8,1087.4,1852410,0
2021-07-14 00:00:00+05:30,1087.4,1091.8,1073.5,1078.15,2506775,0
2021-07-15 00:00:00+05:30,1082.0,1087.7,1074.25,1078.75,1518410,0
2021-07-16 00:00:00+05:30,1078.6,1090.0,1076.75,1081.3,2189520,0
2021-07-19 00:00:00+05:30,1079.6,1089.0,1076.4,1083.85,1204290,0
2021-07-20 00:00:00+05:30,1087.2,1087.2,1064.5,1068.8,1322140,0
2021-07-22 00:00:00+05:30,1078.8,1078.8,1065.3,1076.9,929240,0
2021-07-23 00:00:00+05:30,1076.3,1086.4,1072.0,1084.45,1533805,0
2021-07-26 00:00:00+05:30,1083.8,1089.4,1079.95,1082.25,934695,0
2021-07-27 00:00:00+05:30,1087.6,1089.0,956.0,968.65,29369105,0
2021-07-28 00:00:00+05:30,974.0,974.95,933.3,946.35,16190650,0
2021-07-29 00:00:00+05:30,950.0,953.0,932.0,934.55,5434680,0
2021-07-30 00:00:00+05:30,937.0,961.0,935.5,942.25,6866000,0
2021-08-02 00:00:00+05:30,947.8,950.1,937.5,940.3,3781730,0
2021-08-03 00:00:00+05:30,945.7,945.9,938.35,944.35,2991305,0
2021-08-04 00:00:00+05:30,945.1,962.0,945.1,953.75,5520990,0
2021-08-05 00:00:00+05:30,958.8,961.8,948.4,956.45,2969750,0
2021-08-06 00:00:00+05:30,959.7,961.25,951.25,957.25,1998185,0
2021-08-09 00:00:00+05:30,959.0,966.75,951.85,963.7,2717725,0
2021-08-10 00:00:00+05:30,967.8,971.75,946.7,953.95,3083355,0
2021-08-11 00:00:00+05:30,953.0,953.4,938.0,948.95,2633925,0
2021-08-12 00:00:00+05:30,949.9,950.65,938.1,943.3,3107090,0
2021-08-13 00:00:00+05:30,944.4,947.15,926.4,930.45,3969475,0
2021-08-16 00:00:00+05:30,928.0,937.35,921.8,932.25,2096145,0
2021-08-17 00:00:00+05:30,933.0,943.85,932.25,940.1,2130070,0
2021-08-18 00:00:00+05:30,940.0,951.0,935.0,937.4,2768780,0
2021-08-20 00:00:00+05:30,932.0,932.0,901.6,911.2,4134540,0
2021-08-23 00:00:00+05:30,919.8,919.8,900.0,902.95,2837575,0
2021-08-24 00:00:00+05:30,910.4,919.15,889.15,917.5,3084680,0
2021-08-25 00:00:00+05:30,914.0,918.9,904.65,909.8,2220705,0
2021-08-26 00:00:00+05:30,909.8,911.0,897.3,900.7,2408595,0
2021-08-27 00:00:00+05:30,901.2,922.15,901.2,920.1,2816975,0
2021-08-30 00:00:00+05:30,923.8,940.0,915.6,935.55,3141835,0
2021-08-31 00:00:00+05:30,935.6,944.35,930.1,940.8,3227635,0
2021-09-01 00:00:00+05:30,947.8,956.9,937.4,952.7,2814755,0
2021-09-02 00:00:00+05:30,962.2,980.9,962.0,971.95,6299320,0
2021-09-03 00:00:00+05:30,975.25,981.85,972.45,979.7,2156575,0
2021-09-06 00:00:00+05:30,988.0,988.65,974.3,983.2,3080995,0
2021-09-07 00:00:00+05:30,983.0,985.2,971.1,979.5,2101070,0
2021-09-08 00:00:00+05:30,983.0,988.0,972.25,982.25,2500145,0
2021-09-09 00:00:00+05:30,977.0,984.5,975.4,982.4,1812055,0
2021-09-13 00:00:00+05:30,985.8,989.45,974.6,986.3,1493265,0
2021-09-14 00:00:00+05:30,990.0,997.8,984.75,986.15,1549905,0
2021-09-15 00:00:00+05:30,987.4,995.0,983.8,992.5,1601600,0
2021-09-16 00:00:00+05:30,996.2,999.3,983.3,986.4,1482575,0
2021-09-17 00:00:00+05:30,986.6,991.55,973.8,976.9,2274150,0
2021-09-20 00:00:00+05:30,975.0,977.1,949.65,955.0,1660330,0
2021-09-21 00:00:00+05:30,953.75,972.8,949.05,970.75,1701950,0
2021-09-22 00:00:00+05:30,970.85,975.75,962.4,969.25,1253645,0
2021-09-23 00:00:00+05:30,973.4,973.7,954.0,959.45,2800365,0
2021-09-24 00:00:00+05:30,961.2,964.2,955.6,958.05,1258075,0
2021-09-27 00:00:00+05:30,959.45,961.15,946.6,958.35,1130285,0
2021-09-28 00:00:00+05:30,962.0,970.8,951.0,966.65,1527230,0
2021-09-29 00:00:00+05:30,966.6,984.6,958.35,976.2,3275350,0
2021-09-30 00:00:00+05:30,978.0,997.0,973.1,976.15,3880075,0
2021-10-01 00:00:00+05:30,970.6,994.0,970.45,991.15,1710665,0
2021-10-04 00:00:00+05:30,991.0,1015.4,990.0,1008.55,3801765,0
2021-10-05 00:00:00+05:30,1007.4,1010.0,994.0,1006.9,1774235,0
2021-10-06 00:00:00+05:30,1003.5,1008.45,981.35,991.3,2646320,0
2021-10-07 00:00:00+05:30,995.2,998.0,976.6,978.2,1719870,0
2021-10-08 00:00:00+05:30,981.35,989.35,964.2,969.85,1741550,0
2021-10-11 00:00:00+05:30,974.0,984.3,965.6,978.85,3440320,0
2021-10-12 00:00:00+05:30,980.0,991.4,971.2,982.05,1427440,0
2021-10-13 00:00:00+05:30,981.8,989.2,978.0,985.7,1207980,0
2021-10-14 00:00:00+05:30,984.8,1001.95,982.8,991.75,1460300,0
2021-10-18 00:00:00+05:30,989.0,995.0,973.15,975.5,1668255,0
2021-10-19 00:00:00+05:30,981.0,984.0,958.0,960.35,2698595,0
2021-10-20 00:00:00+05:30,960.2,968.9,943.6,950.8,1580485,0
2021-10-21 00:00:00+05:30,956.0,957.75,920.0,930.35,2584000,0
2021-10-22 00:00:00+05:30,931.0,937.55,918.65,927.5,1814980,0
2021-10-25 00:00:00+05:30,930.2,939.8,907.4,935.25,1380835,0
2021-10-26 00:00:00+05:30,939.0,939.75,927.4,933.25,1363565,0
2021-10-27 00:00:00+05:30,931.1,945.6,929.4,932.55,1929040,0
2021-10-28 00:00:00+05:30,935.0,937.95,910.2,914.0,1341975,0
2021-10-29 00:00:00+05:30,918.6,983.55,905.2,931.85,9725820,0
2021-11-01 00:00:00+05:30,937.0,967.0,925.8,960.3,3383505,0
2021-11-02 00:00:00+05:30,959.95,960.8,944.4,949.2,2046660,0
2021-11-03 00:00:00+05:30,951.8,959.65,950.7,954.35,1862160,0
2021-11-04 00:00:00+05:30,955.0,957.75,950.8,953.25,104180,0
2021-11-08 00:00:00+05:30,952.0,962.05,940.2,957.75,1191260,0
2021-11-09 00:00:00+05:30,958.0,967.0,955.05,958.45,1249435,0
2021-11-10 00:00:00+05:30,956.8,970.0,954.8,965.85,1711170,0
2021-11-11 00:00:00+05:30,966.2,969.85,956.8,963.0,1586300,0
2021-11-12 00:00:00+05:30,970.0,974.0,963.0,968.65,1166710,0
2021-11-15 00:00:00+05:30,968.2,979.8,966.6,974.75,1337395,0
2021-11-16 00:00:00+05:30,980.2,980.2,959.45,963.5,1679855,0
2021-11-17 00:00:00+05:30,963.5,964.95,950.0,953.65,983295,0
2021-11-18 00:00:00+05:30,951.95,953.55,930.2,934.3,1168320,0
2021-11-22 00:00:00+05:30,935.3,937.9,916.3,921.5,910090,0
2021-11-23 00:00:00+05:30,920.0,932.35,910.3,926.4,1063495,0
2021-11-24 00:00:00+05:30,925.8,930.7,917.3,919.6,996290,0
2021-11-25 00:00:00+05:30,922.8,939.2,917.0,918.3,2726870,0
2021-11-26 00:00:00+05:30,916.0,964.0,915.25,950.2,5361365,0
2021-11-29 00:00:00+05:30,970.0,977.0,933.1,939.5,4500925,0
2021-11-30 00:00:00+05:30,942.8,949.65,930.0,935.15,3589115,0
2021-12-01 00:00:00+05:30,939.2,942.5,918.0,921.25,2127105,0
2021-12-02 00:00:00+05:30,922.0,933.8,921.8,932.55,1163740,0
2021-12-03 00:00:00+05:30,930.45,932.8,916.6,919.3,2738865,0
2021-12-06 00:00:00+05:30,921.85,921.85,896.85,899.75,1336375,0
2021-12-07 00:00:00+05:30,904.0,910.0,888.25,904.15,2662500,0
2021-12-08 00:00:00+05:30,905.45,917.95,905.45,914.15,979280,0
2021-12-09 00:00:00+05:30,920.0,923.6,913.05,918.85,1130885,0
2021-12-10 00:00:00+05:30,922.0,923.9,914.7,918.65,802565,0
2021-12-13 00:00:00+05:30,935.6,935.6,913.3,919.95,1355025,0
2021-12-14 00:00:00+05:30,919.2,932.0,915.4,929.3,1195915,0
2021-12-15 00:00:00+05:30,929.0,929.3,914.45,920.05,1537725,0
2021-12-16 00:00:00+05:30,926.0,927.8,914.0,919.45,1006605,0
2021-12-17 00:00:00+05:30,926.0,929.6,899.35,903.6,2417560,0
2021-12-20 00:00:00+05:30,899.25,915.0,892.4,912.15,1708885,0
2021-12-21 00:00:00+05:30,912.2,925.85,908.75,924.2,1293770,0
2021-12-22 00:00:00+05:30,928.0,935.85,922.0,929.7,1068395,0
2021-12-23 00:00:00+05:30,934.75,940.0,931.0,938.95,831200,0
2021-12-24 00:00:00+05:30,945.0,946.0,922.2,927.75,1259130,0
2021-12-27 00:00:00+05:30,924.8,949.0,924.2,947.4,1696340,0
2021-12-28 00:00:00+05:30,947.4,954.7,940.6,948.75,3342970,0
2021-12-29 00:00:00+05:30,948.75,969.65,948.75,966.65,2528020,0
2021-12-30 00:00:00+05:30,966.0,985.6,965.0,980.95,2765730,0
2021-12-31 00:00:00+05:30,980.8,986.2,975.3,981.4,1442840,0
2022-01-03 00:00:00+05:30,981.4,986.05,969.55,970.65,1463005,0
2022-01-04 00:00:00+05:30,972.2,978.6,965.0,967.1,1267190,0
2022-01-05 00:00:00+05:30,976.0,980.9,951.4,958.1,2684010,0
2022-01-06 00:00:00+05:30,958.1,967.2,945.65,947.9,1908215,0
2022-01-07 00:00:00+05:30,953.9,953.9,938.0,941.7,1335615,0
2022-01-10 00:00:00+05:30,945.7,945.7,931.05,939.8,1575095,0
2022-01-11 00:00:00+05:30,942.0,948.0,932.1,933.85,1547160,0
2022-01-12 00:00:00+05:30,936.0,940.65,926.8,938.7,1188845,0
2022-01-13 00:00:00+05:30,940.0,951.9,936.9,945.2,2270255,0
2022-01-14 00:00:00+05:30,944.05,944.6,932.1,937.85,1594300,0
2022-01-17 00:00:00+05:30,933.1,940.0,921.1,934.5,2693245,0
2022-01-18 00:00:00+05:30,934.0,944.9,924.2,938.7,2122640,0
2022-01-19 00:00:00+05:30,939.0,946.9,931.0,937.0,1539435,0
2022-01-20 00:00:00+05:30,942.4,942.4,914.0,918.3,1588695,0
2022-01-21 00:00:00+05:30,912.25,914.0,887.0,899.25,2787740,0
2022-01-24 00:00:00+05:30,897.2,897.95,862.2,872.85,2782490,0
2022-01-25 00:00:00+05:30,872.85,883.8,860.2,880.55,1704510,0
2022-01-27 00:00:00+05:30,868.0,873.05,846.4,851.25,3527530,0
2022-01-28 00:00:00+05:30,849.75,876.0,835.1,843.7,6514920,0
2022-01-31 00:00:00+05:30,850.0,873.7,848.0,860.55,3092775,0
2022-02-01 00:00:00+05:30,864.0,865.3,851.6,861.9,1858315,0
2022-02-02 00:00:00+05:30,865.0,885.95,863.0,883.05,1525005,0
2022-02-03 00:00:00+05:30,883.6,887.4,872.0,874.95,1107685,0
2022-02-04 00:00:00+05:30,880.9,881.3,867.4,870.4,1234965,0
2022-02-07 00:00:00+05:30,864.0,870.0,850.0,861.85,1279790,0
2022-02-08 00:00:00+05:30,861.8,875.85,856.0,864.4,1982015,0
2022-02-09 00:00:00+05:30,864.45,879.0,862.3,873.75,994400,0
2022-02-10 00:00:00+05:30,877.0,877.75,866.75,874.15,1189325,0
2022-02-11 00:00:00+05:30,862.2,869.9,856.05,865.1,1687690,0
2022-02-14 00:00:00+05:30,850.0,853.3,833.35,840.9,2246930,0
2022-02-15 00:00:00+05:30,846.8,858.9,837.7,855.5,1790055,0
2022-02-16 00:00:00+05:30,855.6,874.55,848.7,863.3,1903065,0
2022-02-17 00:00:00+05:30,864.6,867.05,858.65,860.2,1145155,0
2022-02-18 00:00:00+05:30,856.0,868.6,852.9,864.25,1790540,0
2022-02-21 00:00:00+05:30,875.2,883.35,856.5,859.65,2939755,0
2022-02-22 00:00:00+05:30,838.0,847.1,831.15,843.7,2404200,0
2022-02-23 00:00:00+05:30,852.0,852.15,838.15,840.2,1857420,0
2022-02-24 00:00:00+05:30,810.0,829.8,810.0,818.5,3485635,0
2022-02-25 00:00:00+05:30,822.8,840.2,820.4,835.3,1527165,0
2022-02-28 00:00:00+05:30,830.0,830.0,810.5,812.7,4914250,0
2022-03-02 00:00:00+05:30,812.25,812.7,765.0,770.65,7703175,0
2022-03-03 00:00:00+05:30,775.8,778.85,740.0,743.75,6673625,0
2022-03-04 00:00:00+05:30,742.0,774.8,730.8,765.75,6040250,0
2022-03-07 00:00:00+05:30,749.8,758.4,733.6,753.9,3015430,0
2022-03-08 00:00:00+05:30,750.0,777.4,747.55,773.7,3920845,0
2022-03-09 00:00:00+05:30,780.3,796.25,776.45,786.1,4046845,0
2022-03-10 00:00:00+05:30,795.0,797.3,775.1,778.5,3560495,0
2022-03-11 00:00:00+05:30,778.6,799.2,774.6,795.1,5566315,0
2022-03-14 00:00:00+05:30,792.2,798.95,785.0,791.45,2850290,0
2022-03-15 00:00:00+05:30,791.6,799.8,776.0,779.95,2356470,0
2022-03-16 00:00:00+05:30,794.8,794.8,778.0,788.75,1793880,0
2022-03-17 00:00:00+05:30,793.0,810.0,789.25,808.45,3862935,0
2022-03-21 00:00:00+05:30,814.8,816.6,799.35,801.0,2008195,0
2022-03-22 00:00:00+05:30,804.2,811.4,794.0,806.05,6451110,0
2022-03-23 00:00:00+05:30,808.0,837.8,808.0,825.45,5220570,0
2022-03-24 00:00:00+05:30,822.6,869.7,820.3,865.7,8690735,0
2022-03-25 00:00:00+05:30,865.4,875.0,858.0,872.3,4321985,0
2022-03-28 00:00:00+05:30,871.95,872.6,847.85,857.1,2484535,0
2022-03-29 00:00:00+05:30,858.8,871.1,849.4,864.7,2105420,0
2022-03-30 00:00:00+05:30,870.55,873.3,856.8,870.9,3084130,0
2022-03-31 00:00:00+05:30,870.6,877.5,856.0,859.1,3058595,0
2022-04-01 00:00:00+05:30,859.0,866.95,852.6,855.9,1569355,0
2022-04-04 00:00:00+05:30,868.0,868.0,854.0,863.45,1298870,0
2022-04-05 00:00:00+05:30,867.8,881.6,860.55,866.0,2399325,0
2022-04-06 00:00:00+05:30,866.0,871.0,853.25,855.35,2059755,0
2022-04-07 00:00:00+05:30,859.0,871.4,855.35,863.5,1397010,0
2022-04-08 00:00:00+05:30,869.4,895.55,865.35,886.05,3358875,0
2022-04-11 00:00:00+05:30,886.0,890.0,874.7,876.1,1077795,0
2022-04-12 00:00:00+05:30,875.2,881.6,865.75,874.45,1855070,0
2022-04-13 00:00:00+05:30,870.2,872.45,858.1,859.85,1847180,0
2022-04-18 00:00:00+05:30,855.0,863.7,846.15,857.0,1698380,0
2022-04-19 00:00:00+05:30,862.0,863.2,838.0,841.95,1550720,0
2022-04-20 00:00:00+05:30,843.4,868.0,842.6,858.7,2252075,0
2022-04-21 00:00:00+05:30,863.8,870.3,862.0,864.05,1972180,0
2022-04-22 00:00:00+05:30,859.4,859.8,833.4,838.55,1953715,0
2022-04-25 00:00:00+05:30,830.0,835.95,812.2,823.1,1705680,0
2022-04-26 00:00:00+05:30,835.0,837.05,826.2,830.9,792225,0
2022-04-27 00:00:00+05:30,830.9,832.75,814.5,815.4,993500,0
2022-04-28 00:00:00+05:30,820.0,830.35,816.3,824.45,1504805,0
2022-04-29 00:00:00+05:30,832.0,853.2,823.0,826.4,2615175,0
2022-05-02 00:00:00+05:30,824.45,829.05,814.0,824.8,925300,0
2022-05-04 00:00:00+05:30,824.8,827.1,793.4,798.45,1712475,0
2022-05-05 00:00:00+05:30,810.0,815.0,790.2,792.75,1264655,0
2022-05-06 00:00:00+05:30,785.95,789.75,776.0,786.15,1197395,0
2022-05-09 00:00:00+05:30,785.8,787.2,774.15,781.15,886775,0
2022-05-10 00:00:00+05:30,780.0,786.8,778.0,782.8,1014140,0
2022-05-11 00:00:00+05:30,779.1,788.6,770.2,776.8,1356280,0
2022-05-12 00:00:00+05:30,772.3,779.25,757.95,776.0,1468145,0
2022-05-13 00:00:00+05:30,779.9,795.8,778.1,784.85,1092005,0
2022-05-16 00:00:00+05:30,784.6,791.0,772.2,777.7,1089575,0
2022-05-17 00:00:00+05:30,787.0,788.95,774.2,780.8,1277320,0
2022-05-18 00:00:00+05:30,782.8,797.0,776.4,781.15,2500790,0
2022-05-19 00:00:00+05:30,777.2,802.95,765.8,785.9,9129055,0
2022-05-20 00:00:00+05:30,795.0,859.8,795.0,849.8,12401575,0
2022-05-23 00:00:00+05:30,849.8,865.4,847.25,855.0,3035360,0
2022-05-24 00:00:00+05:30,854.8,875.0,851.3,869.4,5054480,0
2022-05-25 00:00:00+05:30,878.2,879.6,859.25,861.5,2500200,0
2022-05-26 00:00:00+05:30,863.2,869.8,857.95,860.85,2145360,0
2022-05-27 00:00:00+05:30,864.0,881.8,853.8,878.1,2171455,0
2022-05-30 00:00:00+05:30,880.8,885.35,870.2,874.05,2324015,0
2022-05-31 00:00:00+05:30,871.0,879.8,866.1,873.95,2380075,0
2022-06-01 00:00:00+05:30,870.0,872.35,860.2,863.8,1772530,0
2022-06-02 00:00:00+05:30,860.6,872.0,858.0,866.65,1639675,0
2022-06-03 00:00:00+05:30,871.95,878.35,862.95,868.0,1423865,0
2022-06-06 00:00:00+05:30,866.4,870.75,854.2,861.15,566055,0
2022-06-07 00:00:00+05:30,852.0,855.0,820.75,828.8,3605015,0
2022-06-08 00:00:00+05:30,834.8,842.45,822.6,839.85,2264910,0
2022-06-09 00:00:00+05:30,834.0,867.0,834.0,864.6,3702930,0
2022-06-10 00:00:00+05:30,864.6,872.8,856.35,870.3,2107480,0
2022-06-13 00:00:00+05:30,864.6,871.0,851.3,853.45,1839815,0
2022-06-14 00:00:00+05:30,850.0,865.0,847.8,862.2,2035905,0
2022-06-15 00:00:00+05:30,861.35,869.8,857.4,867.1,1585315,0
2022-06-16 00:00:00+05:30,870.0,871.85,855.15,857.5,1750035,0
2022-06-17 00:00:00+05:30,858.0,859.8,813.2,829.35,4764870,0
2022-06-20 00:00:00+05:30,829.35,835.85,821.4,830.35,1387575,0
2022-06-21 00:00:00+05:30,832.0,855.3,832.0,853.75,1191555,0
2022-06-22 00:00:00+05:30,856.2,869.75,832.0,852.2,2847785,0
2022-06-23 00:00:00+05:30,859.0,861.55,851.0,859.0,1675510,0
2022-06-24 00:00:00+05:30,864.4,874.5,858.4,861.95,1518295,0
2022-06-27 00:00:00+05:30,879.95,879.95,861.15,864.1,1663765,0
2022-06-28 00:00:00+05:30,865.85,876.0,862.4,874.9,1412215,0
2022-06-29 00:00:00+05:30,871.4,881.75,866.9,872.85,1905735,0
2022-06-30 00:00:00+05:30,873.95,883.0,870.2,878.75,1845325,0
2022-07-01 00:00:00+05:30,877.0,879.0,858.0,877.2,1523995,0
2022-07-04 00:00:00+05:30,872.4,882.25,859.2,870.9,1303490,0
2022-07-05 00:00:00+05:30,873.0,893.5,870.25,878.85,2434495,0
2022-07-06 00:00:00+05:30,879.0,888.65,875.85,878.0,1678505,0
2022-07-07 00:00:00+05:30,885.35,888.6,865.6,867.3,2161110,0
2022-07-08 00:00:00+05:30,866.0,883.0,860.9,881.25,2089480,0
2022-07-11 00:00:00+05:30,875.85,913.75,870.0,900.2,4797040,0
2022-07-12 00:00:00+05:30,894.0,907.8,885.2,896.75,2079370,0
2022-07-13 00:00:00+05:30,898.9,906.95,890.0,900.3,1893835,0
2022-07-14 00:00:00+05:30,901.2,921.6,900.6,915.1,4423835,0
2022-07-15 00:00:00+05:30,919.1,922.5,904.2,909.2,1504725,0
2022-07-18 00:00:00+05:30,915.2,922.75,891.05,893.2,2337315,0
2022-07-19 00:00:00+05:30,891.55,899.6,887.05,889.6,1961920,0
2022-07-20 00:00:00+05:30,898.0,898.4,888.0,891.75,1130700,0
2022-07-21 00:00:00+05:30,893.8,897.35,871.2,874.2,3126100,0
2022-07-22 00:00:00+05:30,878.8,881.35,870.6,874.7,1806315,0
2022-07-25 00:00:00+05:30,875.55,878.15,860.0,866.1,1726910,0
2022-07-26 00:00:00+05:30,865.75,865.75,838.8,842.4,2971165,0
2022-07-27 00:00:00+05:30,841.6,860.0,832.6,857.2,1866270,0
2022-07-28 00:00:00+05:30,862.8,863.0,839.0,852.0,2832835,0
2022-07-29 00:00:00+05:30,836.6,836.6,811.1,818.05,9872475,0
2022-08-01 00:00:00+05:30,827.95,827.95,820.1,822.1,2136850,0
2022-08-02 00:00:00+05:30,825.6,825.6,814.25,817.1,2635115,0
2022-08-03 00:00:00+05:30,819.0,820.8,808.0,819.25,2600985,0
2022-08-04 00:00:00+05:30,822.0,831.85,817.8,829.6,3006675,0
2022-08-05 00:00:00+05:30,831.0,838.75,828.75,831.35,2075395,0
2022-08-08 00:00:00+05:30,831.35,846.8,831.35,844.65,2041885,0
2022-08-10 00:00:00+05:30,848.7,852.8,842.9,848.65,2108115,0
2022-08-11 00:00:00+05:30,852.0,855.6,847.2,851.65,1285185,0
2022-08-12 00:00:00+05:30,851.6,857.9,844.2,852.15,2021290,0
2022-08-16 00:00:00+05:30,855.0,863.8,852.55,859.55,1314065,0
2022-08-17 00:00:00+05:30,863.6,866.0,858.35,863.2,2169055,0
2022-08-18 00:00:00+05:30,848.0,848.0,826.65,845.0,5137920,0
2022-08-19 00:00:00+05:30,846.4,849.4,837.0,840.8,1928705,0
2022-08-22 00:00:00+05:30,833.8,846.0,832.0,837.4,1692810,0
2022-08-23 00:00:00+05:30,829.0,847.05,829.0,845.05,1398150,0
2022-08-24 00:00:00+05:30,849.25,849.25,839.4,843.6,1467185,0
2022-08-25 00:00:00+05:30,847.85,852.8,842.4,847.6,1552875,0
2022-08-26 00:00:00+05:30,854.6,855.0,842.45,844.65,818685,0
2022-08-29 00:00:00+05:30,834.0,844.65,831.45,842.05,966050,0
2022-08-30 00:00:00+05:30,842.8,852.3,838.55,849.0,2359905,0
2022-09-01 00:00:00+05:30,843.2,846.5,839.4,840.4,1656700,0
2022-09-02 00:00:00+05:30,844.65,846.4,834.8,838.0,1008280,0
2022-09-05 00:00:00+05:30,839.0,843.9,831.0,842.85,1581715,0
2022-09-06 00:00:00+05:30,846.0,850.4,837.0,847.85,1129375,0
2022-09-07 00:00:00+05:30,843.0,853.2,842.45,849.85,1073975,0
2022-09-08 00:00:00+05:30,859.4,859.4,850.55,854.35,1577545,0
2022-09-09 00:00:00+05:30,854.5,863.9,849.2,851.0,1570630,0
2022-09-12 00:00:00+05:30,852.0,860.0,848.95,852.25,1262745,0
2022-09-13 00:00:00+05:30,852.8,861.4,847.4,850.6,2209365,0
2022-09-14 00:00:00+05:30,833.05,852.5,833.05,842.85,1723540,0
2022-09-15 00:00:00+05:30,847.05,847.05,828.25,833.8,1881365,0
2022-09-16 00:00:00+05:30,837.0,837.0,812.15,815.45,1893520,0
2022-09-19 00:00:00+05:30,814.0,822.2,799.4,819.85,1506440,0
2022-09-20 00:00:00+05:30,822.4,847.6,821.2,843.2,2957845,0
2022-09-21 00:00:00+05:30,844.0,853.8,826.55,830.55,1894725,0
2022-09-22 00:00:00+05:30,822.0,844.4,821.7,836.5,2391915,0
2022-09-23 00:00:00+05:30,832.6,842.95,825.9,827.85,1659940,0
2022-09-26 00:00:00+05:30,823.85,831.75,817.85,825.55,2055290,0
2022-09-27 00:00:00+05:30,829.7,840.0,825.05,836.3,1485445,0
2022-09-28 00:00:00+05:30,835.65,859.4,835.65,853.95,3133240,0
2022-09-29 00:00:00+05:30,858.25,881.4,857.2,872.15,5442790,0
2022-09-30 00:00:00+05:30,876.5,881.0,854.4,867.15,3164565,0
2022-10-03 00:00:00+05:30,863.0,887.8,862.5,883.95,3476290,0
2022-10-04 00:00:00+05:30,889.2,890.0,875.2,882.8,1543270,0
2022-10-06 00:00:00+05:30,887.2,889.6,874.0,879.5,1231195,0
2022-10-07 00:00:00+05:30,878.0,881.7,874.4,875.35,1338865,0
2022-10-10 00:00:00+05:30,870.0,877.6,864.0,876.0,1218745,0
2022-10-11 00:00:00+05:30,877.4,877.6,850.4,856.55,1486910,0
2022-10-12 00:00:00+05:30,860.0,862.0,843.0,848.25,1470100,0
2022-10-13 00:00:00+05:30,850.0,861.8,848.25,850.95,1513920,0
2022-10-14 00:00:00+05:30,861.0,868.0,852.6,862.15,1244005,0
2022-10-17 00:00:00+05:30,861.0,874.8,856.5,867.05,1050700,0
2022-10-18 00:00:00+05:30,871.4,874.75,867.05,871.3,721180,0
2022-10-19 00:00:00+05:30,872.0,878.8,861.0,863.4,860840,0
2022-10-20 00:00:00+05:30,861.0,871.0,856.0,869.8,1287620,0
2022-10-21 00:00:00+05:30,871.0,877.8,861.7,866.15,1002975,0
2022-10-24 00:00:00+05:30,872.95,876.8,871.0,875.5,158840,0
2022-10-25 00:00:00+05:30,878.0,895.5,874.2,888.45,3118275,0
2022-10-27 00:00:00+05:30,892.0,903.8,890.05,898.25,2207370,0
2022-10-28 00:00:00+05:30,897.0,900.55,886.0,892.0,1767930,0
2022-10-31 00:00:00+05:30,906.2,925.0,868.95,886.75,9128805,0
2022-11-01 00:00:00+05:30,887.05,916.0,887.05,907.05,5350980,0
2022-11-02 00:00:00+05:30,909.0,929.0,909.0,911.15,3708780,0
2022-11-03 00:00:00+05:30,911.15,920.0,905.45,918.0,1766075,0
2022-11-04 00:00:00+05:30,918.0,920.0,902.5,905.0,2463380,0
2022-11-07 00:00:00+05:30,906.2,909.45,888.9,897.1,2100085,0
2022-11-09 00:00:00+05:30,908.0,913.15,900.0,907.0,3565560,0
2022-11-10 00:00:00+05:30,908.0,923.2,905.6,909.9,2959765,0
2022-11-11 00:00:00+05:30,914.45,915.8,900.4,907.9,1625215,0
2022-11-14 00:00:00+05:30,880.0,896.75,863.0,872.75,3722425,0
2022-11-15 00:00:00+05:30,873.45,888.5,872.75,886.75,1872600,0
2022-11-16 00:00:00+05:30,886.75,909.0,878.65,896.2,2610960,0
2022-11-17 00:00:00+05:30,896.2,897.7,876.45,884.25,1561865,0
2022-11-18 00:00:00+05:30,884.75,886.9,875.1,881.8,1693670,0
2022-11-21 00:00:00+05:30,876.0,878.6,863.5,869.95,2153040,0
2022-11-22 00:00:00+05:30,874.3,880.5,865.2,872.5,2015475,0
2022-11-23 00:00:00+05:30,876.0,884.0,872.0,881.15,1964345,0
2022-11-24 00:00:00+05:30,885.55,888.0,875.15,882.75,1188110,0
2022-11-25 00:00:00+05:30,884.75,887.0,877.8,883.6,1477045,0
2022-11-28 00:00:00+05:30,882.95,889.5,877.3,880.4,1530840,0
2022-11-29 00:00:00+05:30,881.0,895.75,880.8,890.65,2045690,0
2022-11-30 00:00:00+05:30,894.0,903.6,888.2,897.45,4256840,0
2022-12-01 00:00:00+05:30,901.9,906.35,889.35,894.85,1936730,0
2022-12-02 00:00:00+05:30,897.0,904.8,892.05,902.1,2080040,0
2022-12-05 00:00:00+05:30,906.0,906.4,890.05,895.9,1961695,0
2022-12-06 00:00:00+05:30,892.0,894.9,871.8,874.85,1742295,0
2022-12-07 00:00:00+05:30,873.0,876.6,864.0,872.3,1661035,0
2022-12-08 00:00:00+05:30,874.8,875.85,866.2,871.25,1386625,0
2022-12-09 00:00:00+05:30,875.0,882.95,870.85,881.4,1539865,0
2022-12-12 00:00:00+05:30,873.4,892.6,873.4,890.45,1367975,0
2022-12-13 00:00:00+05:30,890.05,894.95,888.1,891.65,1087545,0
2022-12-14 00:00:00+05:30,895.0,902.7,890.25,900.9,1392005,0
2022-12-15 00:00:00+05:30,897.25,905.5,892.2,893.8,1209055,0
2022-12-16 00:00:00+05:30,886.9,891.75,852.25,861.8,16783045,0
2022-12-19 00:00:00+05:30,869.0,881.75,863.0,879.2,1661755,0
2022-12-20 00:00:00+05:30,876.0,878.0,861.6,873.95,1214105,0
2022-12-21 00:00:00+05:30,876.0,887.0,870.7,881.5,1739615,0
2022-12-22 00:00:00+05:30,886.0,891.2,863.0,869.85,1737350,0
2022-12-23 00:00:00+05:30,865.0,883.6,858.25,862.1,2498780,0
2022-12-26 00:00:00+05:30,866.4,869.4,846.0,849.7,1593040,0
2022-12-27 00:00:00+05:30,853.95,853.95,840.2,850.15,1366245,0
2022-12-28 00:00:00+05:30,850.15,853.35,843.2,850.55,1088005,0
2022-12-29 00:00:00+05:30,855.0,870.95,844.6,852.1,4064660,0
2022-12-30 00:00:00+05:30,856.0,857.0,845.0,847.5,882895,0
2023-01-02 00:00:00+05:30,851.75,853.5,841.8,847.0,663630,0
2023-01-03 00:00:00+05:30,847.75,851.6,843.2,847.65,810895,0
2023-01-04 00:00:00+05:30,847.0,852.0,844.25,850.7,832835,0
2023-01-05 00:00:00+05:30,853.0,860.75,848.3,859.5,994925,0
2023-01-06 00:00:00+05:30,859.9,863.85,851.8,854.35,630680,0
2023-01-09 00:00:00+05:30,858.65,868.0,855.05,866.8,830195,0
2023-01-10 00:00:00+05:30,864.0,869.65,856.8,857.75,1170765,0
2023-01-11 00:00:00+05:30,861.0,864.0,848.9,852.4,1273265,0
2023-01-12 00:00:00+05:30,855.0,864.4,848.4,862.1,1280325,0
2023-01-13 00:00:00+05:30,864.8,868.35,858.0,864.1,1234630,0
2023-01-16 00:00:00+05:30,867.95,870.55,858.0,865.2,446555,0
2023-01-17 00:00:00+05:30,867.8,871.95,861.1,870.35,778125,0
2023-01-18 00:00:00+05:30,870.35,879.0,868.4,872.85,1318465,0
2023-01-19 00:00:00+05:30,872.95,876.65,863.3,866.45,1242455,0
2023-01-20 00:00:00+05:30,866.4,876.2,856.0,870.1,1182675,0
2023-01-23 00:00:00+05:30,872.0,873.1,863.85,867.55,770265,0
2023-01-24 00:00:00+05:30,868.2,870.95,847.4,850.55,1320270,0
2023-01-25 00:00:00+05:30,852.0,853.8,835.0,840.2,1470210,0
2023-01-27 00:00:00+05:30,856.0,876.2,850.65,862.8,4781440,0
2023-01-30 00:00:00+05:30,864.0,867.9,857.0,865.75,1873685,0
2023-01-31 00:00:00+05:30,869.0,875.35,858.65,864.85,3159705,0
2023-02-01 00:00:00+05:30,868.2,876.0,862.05,870.3,2027270,0
2023-02-02 00:00:00+05:30,862.6,875.8,858.3,874.0,1946775,0
2023-02-03 00:00:00+05:30,875.0,886.0,863.65,871.65,1874895,0
2023-02-06 00:00:00+05:30,876.05,876.05,857.0,869.9,1516105,0
2023-02-07 00:00:00+05:30,876.15,893.65,872.05,888.05,2987405,0
2023-02-08 00:00:00+05:30,890.0,899.3,886.55,897.55,1196855,0
2023-02-09 00:00:00+05:30,888.8,905.9,886.7,897.5,2054810,0
2023-02-10 00:00:00+05:30,898.8,901.0,886.5,899.9,685110,0
2023-02-13 00:00:00+05:30,901.6,911.5,900.0,904.95,1872775,0
2023-02-14 00:00:00+05:30,909.0,912.8,900.15,907.7,1202135,0
2023-02-15 00:00:00+05:30,909.6,912.65,900.85,903.95,1283685,0
2023-02-16 00:00:00+05:30,908.5,909.95,901.9,903.85,1352330,0
2023-02-17 00:00:00+05:30,900.25,907.0,892.7,902.05,1056035,0
2023-02-20 00:00:00+05:30,904.0,907.7,893.7,894.95,761745,0
2023-02-21 00:00:00+05:30,900.85,900.85,891.75,897.25,791630,0
2023-02-22 00:00:00+05:30,897.4,904.05,893.9,895.35,882305,0
2023-02-23 00:00:00+05:30,895.2,903.0,888.2,889.9,1187840,0
2023-02-24 00:00:00+05:30,893.0,902.0,888.35,898.2,1764830,0
2023-02-27 00:00:00+05:30,898.2,898.2,871.0,884.2,1370570,0
2023-02-28 00:00:00+05:30,887.8,887.8,860.0,863.3,2699875,0
2023-03-01 00:00:00+05:30,863.3,871.45,859.4,868.85,995515,0
2023-03-02 00:00:00+05:30,871.6,880.3,864.0,878.1,1413260,0
2023-03-03 00:00:00+05:30,882.5,889.4,872.1,887.6,1371180,0
2023-03-06 00:00:00+05:30,887.4,891.75,883.2,887.85,877920,0
2023-03-08 00:00:00+05:30,886.6,888.8,880.25,885.25,1173705,0
2023-03-09 00:00:00+05:30,883.15,887.65,874.35,876.2,1022125,0
2023-03-10 00:00:00+05:30,874.6,882.6,870.0,879.1,1686010,0
2023-03-13 00:00:00+05:30,875.0,883.2,869.1,874.1,812710,0
2023-03-14 00:00:00+05:30,878.8,884.2,861.8,869.9,2141980,0
2023-03-15 00:00:00+05:30,871.4,885.0,868.15,878.9,1717110,0
2023-03-16 00:00:00+05:30,882.2,886.0,874.05,876.75,1384640,0
2023-03-17 00:00:00+05:30,881.15,892.65,876.75,887.25,3092990,0
2023-03-20 00:00:00+05:30,886.2,898.8,884.5,887.9,3949945,0
2023-03-21 00:00:00+05:30,888.4,896.0,881.85,883.85,1984640,0
2023-03-22 00:00:00+05:30,885.85,896.0,883.15,895.0,1598885,0
2023-03-23 00:00:00+05:30,895.8,899.9,886.1,889.4,2418370,0
2023-03-24 00:00:00+05:30,890.0,899.6,890.0,892.85,1126970,0
2023-03-27 00:00:00+05:30,898.0,905.75,893.0,897.15,1759570,0
2023-03-28 00:00:00+05:30,899.8,909.4,896.0,905.35,1834690,0
2023-03-29 00:00:00+05:30,909.9,915.0,904.45,913.55,2083535,0
2023-03-31 00:00:00+05:30,916.6,931.3,913.55,924.55,2282485,0
2023-04-03 00:00:00+05:30,929.8,936.4,919.6,931.3,1500675,0
2023-04-05 00:00:00+05:30,930.0,939.0,928.25,936.55,1823560,0
2023-04-06 00:00:00+05:30,938.8,942.25,935.2,939.9,1460345,0
2023-04-10 00:00:00+05:30,946.4,954.45,937.6,951.95,920770,0
2023-04-11 00:00:00+05:30,954.6,961.2,941.6,952.65,2309250,0
2023-04-12 00:00:00+05:30,952.65,983.9,945.25,976.2,3403195,0
2023-04-13 00:00:00+05:30,977.6,977.6,966.25,970.6,1169335,0
2023-04-17 00:00:00+05:30,975.4,984.6,963.95,970.45,1705675,0
2023-04-18 00:00:00+05:30,972.3,983.6,969.1,982.5,1797050,0
2023-04-19 00:00:00+05:30,977.5,988.0,976.1,981.85,1920935,0
2023-04-20 00:00:00+05:30,983.2,983.2,964.45,971.65,3175850,0
2023-04-21 00:00:00+05:30,971.6,975.8,964.65,973.75,1657195,0
2023-04-24 00:00:00+05:30,970.8,970.8,950.4,961.2,2190830,0
2023-04-25 00:00:00+05:30,960.7,968.25,951.55,966.65,1639985,0
2023-04-26 00:00:00+05:30,962.0,974.85,962.0,969.0,1020765,0
2023-04-27 00:00:00+05:30,969.0,987.8,963.6,983.7,1098280,0
2023-04-28 00:00:00+05:30,983.7,987.0,975.4,985.95,1235220,0
2023-05-02 00:00:00+05:30,980.7,991.8,980.7,990.1,1209890,0
2023-05-03 00:00:00+05:30,990.0,992.0,983.0,990.45,883875,0
2023-05-04 00:00:00+05:30,990.45,995.0,984.05,993.6,1006635,0
2023-05-05 00:00:00+05:30,995.0,997.8,985.1,988.5,461545,0
2023-05-08 00:00:00+05:30,989.0,993.35,969.35,981.4,1190915,0
2023-05-09 00:00:00+05:30,983.6,988.0,978.0,986.65,1545295,0
2023-05-10 00:00:00+05:30,992.95,992.95,968.0,973.45,2271505,0
2023-05-11 00:00:00+05:30,935.0,940.0,904.8,906.4,13916795,0
2023-05-12 00:00:00+05:30,909.0,909.0,889.0,893.2,5242020,0
2023-05-15 00:00:00+05:30,894.05,906.4,889.3,903.7,1588765,0
2023-05-16 00:00:00+05:30,904.6,909.6,900.9,903.0,1430235,0
2023-05-17 00:00:00+05:30,903.95,909.0,890.2,896.3,1749805,0
2023-05-18 00:00:00+05:30,898.4,900.45,881.0,884.6,2127235,0
2023-05-19 00:00:00+05:30,885.6,888.0,876.8,878.4,1630405,0
2023-05-22 00:00:00+05:30,881.8,893.95,876.85,891.55,1224880,0
2023-05-23 00:00:00+05:30,891.6,899.95,889.2,892.1,1616475,0
2023-05-24 00:00:00+05:30,893.0,904.8,892.0,903.85,1683665,0
2023-05-25 00:00:00+05:30,906.8,906.8,896.5,900.8,1033820,0
2023-05-26 00:00:00+05:30,901.0,907.8,900.0,906.2,752935,0
2023-05-29 00:00:00+05:30,909.6,913.8,904.0,911.25,928140,0
2023-05-30 00:00:00+05:30,911.25,911.25,899.75,903.8,1369945,0
2023-05-31 00:00:00+05:30,902.0,905.95,896.2,900.2,6313505,0
2023-06-01 00:00:00+05:30,901.95,912.0,900.2,910.4,1528955,0
2023-06-02 00:00:00+05:30,913.8,924.0,913.0,922.1,2509565,0
2023-06-05 00:00:00+05:30,926.2,930.4,919.35,920.7,1132140,0
2023-06-06 00:00:00+05:30,922.0,928.0,921.0,927.35,1161655,0
2023-06-07 00:00:00+05:30,930.0,935.6,929.0,934.75,1139525,0
2023-06-08 00:00:00+05:30,935.0,938.6,927.4,929.9,1203490,0
2023-06-09 00:00:00+05:30,936.2,941.0,929.1,933.35,1084700,0
2023-06-12 00:00:00+05:30,939.0,939.0,930.9,935.15,717870,0
2023-06-13 00:00:00+05:30,940.0,945.75,931.6,940.4,1294905,0
2023-06-14 00:00:00+05:30,941.55,945.9,937.0,939.8,901255,0
2023-06-15 00:00:00+05:30,939.3,971.0,939.2,960.7,3630745,0
2023-06-16 00:00:00+05:30,968.95,988.0,965.05,983.0,3814515,0
2023-06-19 00:00:00+05:30,990.2,1004.8,972.4,975.8,3540755,0
2023-06-20 00:00:00+05:30,975.8,985.35,973.4,980.25,1070755,0
2023-06-21 00:00:00+05:30,984.4,990.0,978.75,982.1,1123550,0
2023-06-22 00:00:00+05:30,982.3,985.4,978.0,979.9,1242850,0
2023-06-23 00:00:00+05:30,980.2,1003.0,980.2,998.8,2791140,0
2023-06-26 00:00:00+05:30,998.0,1014.8,990.4,1008.3,3607125,0
2023-06-27 00:00:00+05:30,1008.3,1017.3,1003.2,1005.1,3330315,0
2023-06-28 00:00:00+05:30,1005.1,1023.9,1000.85,1021.55,4426340,0
2023-06-30 00:00:00+05:30,1023.2,1035.0,1022.0,1031.9,2430705,0
2023-07-03 00:00:00+05:30,1031.9,1035.8,1018.05,1019.65,1174135,0
2023-07-04 00:00:00+05:30,1023.0,1040.95,1017.0,1037.7,1863335,0
2023-07-05 00:00:00+05:30,1037.0,1040.35,1027.4,1035.65,1410270,0
2023-07-06 00:00:00+05:30,1035.7,1051.7,1034.0,1046.35,2534370,0
2023-07-07 00:00:00+05:30,1046.0,1054.65,1022.0,1036.5,2771720,0
2023-07-10 00:00:00+05:30,1039.0,1043.0,1029.0,1031.0,1003625,0
2023-07-11 00:00:00+05:30,1028.8,1043.0,1022.7,1033.15,1056805,0
2023-07-12 00:00:00+05:30,1030.0,1039.8,1026.0,1037.8,1203590,0
2023-07-13 00:00:00+05:30,1038.0,1040.65,1027.0,1028.5,2034915,0
2023-07-14 00:00:00+05:30,1031.0,1033.0,1015.25,1018.4,1942045,0
2023-07-17 00:00:00+05:30,1019.95,1049.0,1018.6,1045.95,1976770,0
2023-07-18 00:00:00+05:30,1040.7,1043.15,1029.3,1038.2,1286955,0
2023-07-19 00:00:00+05:30,1036.8,1054.0,1032.3,1044.25,1961585,0
2023-07-20 00:00:00+05:30,1049.8,1078.95,1048.0,1067.85,6016030,0
2023-07-21 00:00:00+05:30,1064.65,1067.95,1055.5,1057.65,1150370,0
2023-07-24 00:00:00+05:30,1055.65,1087.35,1055.65,1078.35,2119525,0
2023-07-25 00:00:00+05:30,1084.0,1096.0,1078.35,1085.1,2162155,0
2023-07-26 00:00:00+05:30,1088.0,1098.0,1080.2,1095.15,1701060,0
2023-07-27 00:00:00+05:30,1106.0,1122.8,1084.0,1101.4,7539055,0
2023-07-28 00:00:00+05:30,1102.4,1123.6,1102.4,1116.6,3180540,0
2023-07-31 00:00:00+05:30,1116.9,1132.1,1114.0,1128.1,1599490,0
2023-08-01 00:00:00+05:30,1127.95,1141.85,1121.4,1133.4,2122735,0
2023-08-02 00:00:00+05:30,1133.4,1139.15,1126.9,1132.1,1791795,0
2023-08-03 00:00:00+05:30,1129.0,1146.8,1124.3,1131.9,2570520,0
2023-08-04 00:00:00+05:30,1131.9,1142.2,1128.0,1129.9,1726520,0
2023-08-07 00:00:00+05:30,1132.0,1137.6,1123.8,1126.15,2499830,0
2023-08-08 00:00:00+05:30,1130.4,1147.8,1129.0,1131.6,2987010,0
2023-08-09 00:00:00+05:30,1134.2,1176.75,1134.2,1174.2,10067015,0
2023-08-10 00:00:00+05:30,1176.0,1183.35,1161.2,1170.25,2763310,0
2023-08-11 00:00:00+05:30,1170.8,1177.0,1161.65,1164.6,2256960,0
2023-08-14 00:00:00+05:30,1166.0,1175.8,1160.0,1164.65,2167595,0
2023-08-16 00:00:00+05:30,1166.0,1177.9,1155.0,1171.55,4308265,0
2023-08-17 00:00:00+05:30,1174.25,1181.4,1171.2,1176.15,2138070,0
2023-08-18 00:00:00+05:30,1179.9,1196.0,1168.1,1174.9,4281645,0
2023-08-21 00:00:00+05:30,1174.05,1185.0,1170.8,1182.15,1334640,0
2023-08-22 00:00:00+05:30,1183.8,1189.0,1174.55,1185.1,1688225,0
2023-08-23 00:00:00+05:30,1184.0,1195.0,1182.4,1190.65,3142630,0
2023-08-24 00:00:00+05:30,1196.0,1197.95,1178.25,1181.45,4124730,0
2023-08-25 00:00:00+05:30,1178.0,1178.0,1154.1,1155.85,4713240,0
2023-08-28 00:00:00+05:30,1156.0,1165.8,1145.45,1155.2,2350770,0
2023-08-29 00:00:00+05:30,1154.0,1157.3,1143.0,1144.75,3258085,0
2023-08-30 00:00:00+05:30,1147.55,1151.2,1128.0,1129.95,3551815,0
2023-08-31 00:00:00+05:30,1129.95,1139.0,1118.0,1121.55,3178875,0
2023-09-01 00:00:00+05:30,1126.0,1126.85,1110.0,1115.7,1105280,0
2023-09-04 00:00:00+05:30,1117.0,1133.35,1115.7,1131.9,1473020,0
2023-09-05 00:00:00+05:30,1128.0,1128.0,1112.1,1115.8,1968470,0
2023-09-06 00:00:00+05:30,1115.95,1127.0,1111.85,1116.65,2256645,0
2023-09-07 00:00:00+05:30,1116.6,1130.9,1116.25,1123.05,2634215,0
2023-09-08 00:00:00+05:30,1126.2,1126.75,1114.0,1116.75,923950,0
2023-09-11 00:00:00+05:30,1119.0,1132.8,1117.0,1122.75,1313930,0
2023-09-12 00:00:00+05:30,1128.0,1143.4,1125.2,1134.75,2581215,0
2023-09-13 00:00:00+05:30,1142.0,1151.9,1134.25,1147.8,1571615,0
2023-09-14 00:00:00+05:30,1154.0,1155.25,1140.9,1148.95,1139730,0
2023-09-15 00:00:00+05:30,1155.3,1168.55,1146.6,1163.9,2069105,0
2023-09-18 00:00:00+05:30,1164.2,1165.75,1144.4,1145.6,1256740,0
2023-09-20 00:00:00+05:30,1144.35,1144.35,1120.4,1123.0,2266405,0
2023-09-21 00:00:00+05:30,1123.1,1139.4,1122.55,1133.7,2926715,0
2023-09-22 00:00:00+05:30,1133.7,1138.8,1100.4,1103.4,2447785,0
2023-09-25 00:00:00+05:30,1105.95,1108.0,1085.6,1087.75,1217045,0
2023-09-26 00:00:00+05:30,1091.8,1105.4,1089.8,1093.55,1379915,0
2023-09-27 00:00:00+05:30,1102.8,1121.0,1096.0,1099.3,2443890,0
2023-09-28 00:00:00+05:30,1101.5,1101.5,1082.2,1085.8,1931555,0
2023-09-29 00:00:00+05:30,1093.8,1126.0,1090.65,1117.4,3101955,0
2023-10-03 00:00:00+05:30,1117.4,1117.4,1090.0,1092.35,2065240,0
2023-10-04 00:00:00+05:30,1093.0,1099.8,1080.3,1083.55,2109530,0
2023-10-05 00:00:00+05:30,1092.0,1095.0,1080.0,1081.45,2058530,0
2023-10-06 00:00:00+05:30,1087.0,1097.45,1081.85,1085.0,1572990,0
2023-10-09 00:00:00+05:30,1082.0,1105.45,1080.05,1098.95,2368110,0
2023-10-10 00:00:00+05:30,1096.8,1097.4,1085.6,1095.7,1519630,0
2023-10-11 00:00:00+05:30,1102.0,1117.6,1102.0,1113.5,1961240,0
2023-10-12 00:00:00+05:30,1113.5,1116.8,1103.0,1106.05,1695245,0
2023-10-13 00:00:00+05:30,1085.45,1104.8,1084.3,1092.05,1633255,0
2023-10-16 00:00:00+05:30,1097.8,1101.4,1092.0,1098.6,859220,0
2023-10-17 00:00:00+05:30,1097.4,1114.6,1097.0,1108.8,1626760,0
2023-10-18 00:00:00+05:30,1108.9,1138.95,1108.35,1135.5,3014855,0
2023-10-19 00:00:00+05:30,1134.95,1134.95,1122.1,1126.2,2525845,0
2023-10-20 00:00:00+05:30,1124.0,1124.0,1110.2,1113.85,1141375,0
2023-10-23 00:00:00+05:30,1105.1,1133.4,1105.1,1110.4,1809785,0
2023-10-25 00:00:00+05:30,1120.0,1122.45,1100.0,1102.75,2104480,0
2023-10-26 00:00:00+05:30,1099.6,1103.5,1068.2,1084.4,1544145,0
2023-10-27 00:00:00+05:30,1084.4,1090.8,1070.2,1079.45,2159725,0
2023-10-30 00:00:00+05:30,1078.8,1078.8,1041.1,1069.05,2691600,0
2023-10-31 00:00:00+05:30,1074.8,1088.2,1070.6,1073.5,1884070,0
2023-11-01 00:00:00+05:30,1077.0,1084.1,1062.9,1069.3,1376665,0
2023-11-02 00:00:00+05:30,1076.0,1083.0,1064.7,1067.7,2365835,0
2023-11-03 00:00:00+05:30,1075.4,1075.4,1049.4,1052.6,2921805,0
2023-11-06 00:00:00+05:30,1060.0,1071.45,1056.65,1067.6,2847485,0
2023-11-07 00:00:00+05:30,1074.8,1094.6,1063.95,1080.85,3498735,0
2023-11-08 00:00:00+05:30,1085.8,1100.05,1081.3,1090.7,2096955,0
2023-11-09 00:00:00+05:30,1095.8,1099.8,1088.0,1091.6,1642660,0
2023-11-10 00:00:00+05:30,1088.0,1090.15,1074.4,1085.0,1144920,0
2023-11-12 00:00:00+05:30,1090.0,1091.55,1087.0,1089.95,100560,0
2023-11-13 00:00:00+05:30,1086.0,1096.35,1076.4,1083.95,855910,0
2023-11-15 00:00:00+05:30,1086.2,1091.05,1081.0,1084.0,1422405,0
2023-11-16 00:00:00+05:30,1085.0,1115.0,1084.15,1108.85,1695060,0
2023-11-17 00:00:00+05:30,1113.0,1127.9,1109.0,1122.3,2120630,0
2023-11-20 00:00:00+05:30,1123.0,1131.2,1117.2,1120.85,2001625,0
2023-11-21 00:00:00+05:30,1122.0,1135.8,1121.1,1129.3,1903465,0
2023-11-22 00:00:00+05:30,1131.0,1146.0,1131.0,1132.9,2124580,0
2023-11-23 00:00:00+05:30,1135.0,1136.9,1121.75,1128.95,1511300,0
2023-11-24 00:00:00+05:30,1130.0,1151.35,1123.0,1129.25,2305405,0
2023-11-28 00:00:00+05:30,1129.4,1142.9,1129.4,1135.15,1555790,0
2023-11-29 00:00:00+05:30,1139.6,1148.8,1130.8,1143.05,1602385,0
2023-11-30 00:00:00+05:30,1145.0,1160.0,1143.2,1157.65,4267760,0
2023-12-01 00:00:00+05:30,1160.0,1171.3,1147.9,1149.9,1391500,0
2023-12-04 00:00:00+05:30,1160.0,1160.0,1145.7,1151.2,1121300,0
2023-12-05 00:00:00+05:30,1153.0,1163.8,1148.4,1155.3,1121875,0
2023-12-06 00:00:00+05:30,1159.2,1164.0,1141.6,1146.05,2659705,0
2023-12-07 00:00:00+05:30,1154.05,1170.0,1150.05,1157.0,3791150,0
2023-12-08 00:00:00+05:30,1156.95,1156.95,1142.4,1152.8,1142525,0
2023-12-11 00:00:00+05:30,1100.0,1115.6,1074.0,1094.7,9493150,0
2023-12-12 00:00:00+05:30,1100.0,1126.95,1095.5,1108.05,4281525,0
2023-12-13 00:00:00+05:30,1112.9,1122.0,1106.05,1119.75,3111975,0
2023-12-14 00:00:00+05:30,1122.35,1125.3,1113.6,1114.65,3164560,0
2023-12-15 00:00:00+05:30,1120.0,1123.0,1108.4,1117.9,3636220,0
2023-12-18 00:00:00+05:30,1117.0,1137.8,1115.0,1118.2,3279260,0
2023-12-19 00:00:00+05:30,1124.0,1129.2,1118.6,1127.5,1123370,0
2023-12-20 00:00:00+05:30,1130.0,1134.2,1110.4,1115.85,1307230,0
2023-12-21 00:00:00+05:30,1108.0,1118.8,1094.25,1110.9,1681900,0
2023-12-22 00:00:00+05:30,1115.6,1131.2,1112.0,1125.55,1315040,0
2023-12-26 00:00:00+05:30,1125.5,1139.0,1120.5,1126.45,1658265,0
2023-12-27 00:00:00+05:30,1126.95,1144.4,1120.25,1142.9,1473880,0
2023-12-28 00:00:00+05:30,1143.75,1178.15,1134.2,1171.7,4888545,0
2023-12-29 00:00:00+05:30,1166.0,1168.9,1152.2,1159.6,1452615,0
2024-01-01 00:00:00+05:30,1160.0,1172.0,1160.0,1164.35,978400,0
2024-01-02 00:00:00+05:30,1161.4,1189.8,1161.15,1185.35,2869280,0
2024-01-03 00:00:00+05:30,1185.35,1194.0,1177.65,1186.4,1412035,0
2024-01-04 00:00:00+05:30,1184.45,1184.45,1165.0,1168.45,2048300,0
2024-01-05 00:00:00+05:30,1174.0,1174.9,1161.3,1167.15,1037255,0
2024-01-08 00:00:00+05:30,1176.2,1176.2,1146.5,1152.25,1205700,0
2024-01-09 00:00:00+05:30,1163.8,1167.75,1148.8,1149.95,1292220,0
2024-01-10 00:00:00+05:30,1149.8,1160.0,1138.05,1157.45,1273855,0
2024-01-11 00:00:00+05:30,1155.6,1155.6,1129.0,1138.5,2964925,0
2024-01-12 00:00:00+05:30,1146.95,1146.95,1129.2,1137.75,1385710,0
2024-01-15 00:00:00+05:30,1147.6,1159.8,1140.4,1156.65,1665610,0
2024-01-16 00:00:00+05:30,1158.0,1158.0,1141.2,1151.65,1142145,0
2024-01-17 00:00:00+05:30,1148.0,1148.0,1125.4,1130.0,1778960,0
2024-01-18 00:00:00+05:30,1129.5,1133.65,1104.15,1130.0,1727635,0
2024-01-19 00:00:00+05:30,1135.0,1143.0,1122.35,1133.65,1641460,0
2024-01-20 00:00:00+05:30,1139.65,1140.0,1126.0,1127.1,335690,0
2024-01-23 00:00:00+05:30,1130.4,1150.8,1128.2,1134.9,2329945,0
2024-01-24 00:00:00+05:30,1141.6,1183.0,1138.6,1180.4,5244260,0
2024-01-25 00:00:00+05:30,1180.4,1185.0,1164.4,1171.1,2677510,0
2024-01-29 00:00:00+05:30,1160.0,1178.5,1148.05,1168.75,1509570,0
2024-01-30 00:00:00+05:30,1179.8,1189.8,1166.2,1168.2,1576585,0
2024-01-31 00:00:00+05:30,1165.0,1227.5,1161.4,1224.25,7857425,0
2024-02-01 00:00:00+05:30,1217.9,1229.9,1190.0,1198.65,3112555,0
2024-02-02 00:00:00+05:30,1203.2,1214.95,1199.2,1207.9,1686230,0
2024-02-05 00:00:00+05:30,1207.8,1227.6,1198.2,1218.9,2126485,0
2024-02-06 00:00:00+05:30,1217.0,1238.0,1216.75,1233.3,2587065,0
2024-02-07 00:00:00+05:30,1233.2,1238.0,1226.1,1235.95,2953275,0
2024-02-08 00:00:00+05:30,1243.6,1244.0,1225.0,1232.0,1791205,0
2024-02-09 00:00:00+05:30,1228.0,1241.05,1220.85,1231.15,1238970,0
2024-02-12 00:00:00+05:30,1246.85,1277.7,1246.0,1266.7,4296460,0
2024-02-13 00:00:00+05:30,1270.0,1281.95,1262.2,1267.05,2086675,0
2024-02-14 00:00:00+05:30,1266.0,1268.0,1234.0,1251.65,1724345,0
2024-02-15 00:00:00+05:30,1248.0,1259.8,1241.2,1250.55,1469095,0
2024-02-16 00:00:00+05:30,1254.4,1273.15,1249.45,1263.45,1275915,0
2024-02-19 00:00:00+05:30,1263.45,1290.8,1263.0,1283.45,1393520,0
2024-02-20 00:00:00+05:30,1284.4,1293.0,1268.1,1275.2,1399485,0
2024-02-21 00:00:00+05:30,1277.4,1280.5,1261.0,1269.85,995895,0
2024-02-22 00:00:00+05:30,1275.0,1275.95,1246.25,1272.8,1420120,0
2024-02-23 00:00:00+05:30,1273.55,1298.8,1272.6,1288.45,1842255,0
2024-02-26 00:00:00+05:30,1289.0,1298.0,1276.15,1288.15,1089190,0
2024-02-27 00:00:00+05:30,1283.2,1291.9,1277.05,1289.9,966475,0
2024-02-28 00:00:00+05:30,1288.7,1301.2,1278.4,1285.6,1560230,0
2024-02-29 00:00:00+05:30,1276.4,1294.6,1271.4,1284.85,5513940,0
2024-03-01 00:00:00+05:30,1289.8,1294.6,1234.4,1238.7,2876430,0
2024-03-02 00:00:00+05:30,1249.0,1259.8,1244.0,1247.8,87510,0
2024-03-04 00:00:00+05:30,1248.0,1287.85,1247.8,1267.0,2196055,0
2024-03-05 00:00:00+05:30,1267.0,1268.45,1249.4,1260.65,1040180,0
2024-03-06 00:00:00+05:30,1260.65,1266.4,1238.0,1262.95,1207130,0
2024-03-07 00:00:00+05:30,1261.1,1273.95,1261.1,1264.85,1174600,0
2024-03-11 00:00:00+05:30,1273.8,1284.7,1262.0,1277.5,1412365,0
2024-03-12 00:00:00+05:30,1277.65,1285.6,1253.25,1260.45,1647055,0
2024-03-13 00:00:00+05:30,1260.5,1270.0,1249.75,1260.75,1051325,0
2024-03-14 00:00:00+05:30,1256.4,1264.05,1241.8,1258.9,2001060,0
2024-03-15 00:00:00+05:30,1257.0,1261.7,1242.9,1257.0,2429735,0
2024-03-18 00:00:00+05:30,1258.4,1271.0,1253.6,1268.2,902465,0
2024-03-19 00:00:00+05:30,1267.0,1267.0,1224.7,1227.0,1581835,0
2024-03-20 00:00:00+05:30,1225.0,1227.6,1204.65,1220.65,1385185,0
2024-03-21 00:00:00+05:30,1225.0,1231.2,1212.0,1225.65,1626230,0
2024-03-22 00:00:00+05:30,1225.8,1247.9,1221.0,1240.65,1528595,0
2024-03-26 00:00:00+05:30,1238.0,1242.3,1221.2,1226.95,1361275,0
2024-03-27 00:00:00+05:30,1230.2,1230.2,1206.8,1208.8,1452965,0
2024-03-28 00:00:00+05:30,1215.6,1241.95,1215.6,1231.6,2586915,0
2024-04-01 00:00:00+05:30,1243.0,1256.5,1231.6,1250.05,772020,0
2024-04-02 00:00:00+05:30,1253.8,1253.8,1241.2,1247.5,1191030,0
2024-04-03 00:00:00+05:30,1247.5,1253.6,1222.4,1224.9,1346125,0
2024-04-04 00:00:00+05:30,1231.0,1235.0,1209.5,1228.5,1995095,0
2024-04-05 00:00:00+05:30,1228.5,1261.15,1228.0,1235.85,2705055,0
2024-04-08 00:00:00+05:30,1243.5,1245.35,1227.0,1234.9,1420525,0
2024-04-09 00:00:00+05:30,1240.45,1246.05,1231.0,1233.6,643620,0
2024-04-10 00:00:00+05:30,1240.0,1240.0,1229.0,1231.6,980420,0
2024-04-12 00:00:00+05:30,1233.8,1237.8,1215.0,1216.75,1974255,0
2024-04-15 00:00:00+05:30,1214.65,1214.65,1196.45,1202.15,1349665,0
2024-04-16 00:00:00+05:30,1201.15,1214.75,1197.0,1210.05,2041490,0
2024-04-18 00:00:00+05:30,1220.0,1225.5,1187.55,1191.45,2988680,0
2024-04-19 00:00:00+05:30,1200.0,1200.0,1176.15,1188.55,1713255,0
2024-04-22 00:00:00+05:30,1195.0,1212.8,1190.7,1203.2,1667285,0
2024-04-23 00:00:00+05:30,1210.0,1213.0,1186.8,1190.4,1494175,0
2024-04-24 00:00:00+05:30,1192.0,1198.95,1184.2,1190.15,1334935,0
2024-04-25 00:00:00+05:30,1195.0,1252.4,1185.6,1243.75,4634925,0
2024-04-26 00:00:00+05:30,1245.0,1261.75,1235.75,1250.4,2063090,0
2024-04-29 00:00:00+05:30,1254.0,1265.0,1240.45,1259.4,1485530,0
2024-04-30 00:00:00+05:30,1260.0,1262.6,1237.0,1240.85,1906520,0
2024-05-02 00:00:00+05:30,1239.05,1259.95,1239.05,1257.5,3134765,0
2024-05-03 00:00:00+05:30,1260.0,1284.0,1251.6,1269.9,2906840,0
2024-05-06 00:00:00+05:30,1275.95,1276.0,1249.25,1258.7,2263770,0
2024-05-07 00:00:00+05:30,1266.0,1270.0,1240.0,1251.5,1586770,0
2024-05-08 00:00:00+05:30,1220.0,1223.0,1190.55,1211.25,4940700,0
2024-05-09 00:00:00+05:30,1214.9,1214.9,1174.0,1175.45,2534535,0
2024-05-10 00:00:00+05:30,1175.0,1187.0,1163.6,1184.2,1480900,0
2024-05-13 00:00:00+05:30,1184.2,1189.8,1170.1,1181.7,852820,0
2024-05-14 00:00:00+05:30,1187.8,1189.1,1171.0,1173.75,1186650,0
2024-05-15 00:00:00+05:30,1177.0,1193.4,1172.0,1175.0,1458405,0
2024-05-16 00:00:00+05:30,1185.6,1185.6,1141.8,1170.1,3660485,0
2024-05-17 00:00:00+05:30,1170.1,1171.3,1158.2,1159.9,3006695,0
2024-05-18 00:00:00+05:30,1162.2,1169.85,1160.05,1162.3,113225,0
2024-05-21 00:00:00+05:30,1162.2,1166.65,1154.6,1155.95,2456865,0
2024-05-22 00:00:00+05:30,1170.0,1181.0,1158.1,1174.55,2605110,0
2024-05-23 00:00:00+05:30,1180.5,1186.6,1167.0,1179.55,2827915,0
2024-05-24 00:00:00+05:30,1179.3,1181.8,1167.7,1173.15,2122215,0
2024-05-27 00:00:00+05:30,1173.15,1178.0,1159.2,1174.55,3366290,0
2024-05-28 00:00:00+05:30,1174.45,1201.0,1174.45,1193.05,3966010,0
2024-05-29 00:00:00+05:30,1197.0,1203.6,1182.9,1200.15,2533990,0
2024-05-30 00:00:00+05:30,1195.0,1195.0,1166.6,1174.75,3005220,0
2024-05-31 00:00:00+05:30,1180.0,1180.95,1150.55,1158.35,5146590,0
2024-06-03 00:00:00+05:30,1187.6,1187.6,1155.45,1156.65,2087555,0
2024-06-04 00:00:00+05:30,1161.4,1165.45,1120.0,1146.15,3287175,0
2024-06-05 00:00:00+05:30,1147.6,1176.35,1145.15,1164.85,2542820,0
2024-06-06 00:00:00+05:30,1167.0,1185.2,1156.3,1178.2,3598380,0
2024-06-07 00:00:00+05:30,1178.2,1216.8,1175.25,1212.25,3747525,0
2024-06-10 00:00:00+05:30,1212.25,1231.55,1200.8,1221.25,3148275,0
2024-06-11 00:00:00+05:30,1217.0,1220.05,1205.6,1207.85,2581810,0
2024-06-12 00:00:00+05:30,1212.0,1217.0,1198.2,1212.0,1932925,0
2024-06-13 00:00:00+05:30,1224.0,1224.0,1206.3,1219.15,2191150,0
2024-06-14 00:00:00+05:30,1219.2,1223.7,1207.0,1217.05,1985020,0
2024-06-18 00:00:00+05:30,1209.6,1212.4,1196.0,1198.25,3076985,0
2024-06-19 00:00:00+05:30,1198.4,1199.95,1184.0,1191.25,3056645,0
2024-06-20 00:00:00+05:30,1185.0,1199.2,1177.6,1194.15,2489735,0
2024-06-21 00:00:00+05:30,1194.2,1211.0,1191.05,1202.3,2150475,0
2024-06-24 00:00:00+05:30,1199.6,1220.0,1194.6,1211.0,1624525,0
2024-06-25 00:00:00+05:30,1218.0,1219.05,1203.2,1215.7,1977490,0
2024-06-26 00:00:00+05:30,1212.7,1218.95,1205.05,1214.0,1958240,0
2024-06-27 00:00:00+05:30,1200.0,1249.9,1199.0,1247.2,12168270,0
2024-06-28 00:00:00+05:30,1251.1,1284.0,1250.2,1280.45,5118295,0
2024-07-01 00:00:00+05:30,1286.0,1296.0,1267.45,1270.75,2251925,0
2024-07-02 00:00:00+05:30,1269.0,1276.2,1256.85,1274.05,1819075,0
2024-07-03 00:00:00+05:30,1274.8,1305.15,1273.05,1285.2,2913200,0
2024-07-04 00:00:00+05:30,1286.0,1308.4,1274.0,1295.85,1744245,0
2024-07-05 00:00:00+05:30,1295.85,1309.45,1291.2,1304.0,1139175,0
2024-07-08 00:00:00+05:30,1304.0,1315.0,1297.2,1306.85,807380,0
2024-07-09 00:00:00+05:30,1308.0,1319.0,1286.2,1316.55,1734640,0
2024-07-10 00:00:00+05:30,1314.9,1320.9,1296.6,1318.5,1287550,0
2024-07-11 00:00:00+05:30,1318.65,1324.4,1306.95,1318.95,1581340,0
2024-07-12 00:00:00+05:30,1318.05,1349.0,1312.95,1343.9,2944400,0
2024-07-15 00:00:00+05:30,1350.0,1377.0,1340.5,1358.95,3023975,0
2024-07-16 00:00:00+05:30,1352.0,1356.6,1327.35,1329.2,1556420,0
2024-07-18 00:00:00+05:30,1329.2,1341.75,1318.1,1333.5,1928535,0
2024-07-19 00:00:00+05:30,1332.0,1343.7,1325.25,1327.2,900340,0
2024-07-22 00:00:00+05:30,1316.0,1356.0,1316.0,1354.2,2061455,0
2024-07-23 00:00:00+05:30,1354.0,1376.8,1343.4,1373.0,4330455,0
2024-07-24 00:00:00+05:30,1387.8,1387.8,1358.65,1364.05,3019385,0
2024-07-25 00:00:00+05:30,1359.0,1375.0,1351.4,1370.65,1315525,0
2024-07-26 00:00:00+05:30,1377.8,1393.2,1358.3,1375.75,2051955,0
2024-07-29 00:00:00+05:30,1384.0,1389.6,1347.0,1368.0,3271945,0
2024-07-30 00:00:00+05:30,1369.0,1378.2,1358.6,1360.85,1458475,0
2024-07-31 00:00:00+05:30,1360.8,1365.9,1347.0,1350.1,1730870,0
2024-08-01 00:00:00+05:30,1359.1,1380.1,1357.35,1377.6,2320480,0
2024-08-02 00:00:00+05:30,1376.2,1396.2,1374.9,1392.85,2209945,0
2024-08-05 00:00:00+05:30,1386.0,1392.2,1358.8,1362.4,2186945,0
2024-08-06 00:00:00+05:30,1367.8,1383.05,1359.05,1361.5,1227135,0
2024-08-07 00:00:00+05:30,1376.0,1387.0,1368.0,1385.25,968865,0
2024-08-08 00:00:00+05:30,1385.0,1407.0,1382.9,1387.65,2705840,0
2024-08-09 00:00:00+05:30,1396.0,1405.0,1392.65,1402.7,656255,0
2024-08-12 00:00:00+05:30,1402.8,1406.0,1374.65,1377.3,1853275,0
2024-08-13 00:00:00+05:30,1380.4,1392.45,1370.25,1389.7,1217325,0
2024-08-14 00:00:00+05:30,1391.0,1392.4,1358.5,1360.2,1727965,0
2024-08-16 00:00:00+05:30,1366.2,1369.8,1351.65,1358.7,2565660,0
2024-08-19 00:00:00+05:30,1367.6,1384.8,1363.5,1382.25,809235,0
2024-08-20 00:00:00+05:30,1386.0,1394.85,1380.0,1393.05,747970,0
2024-08-21 00:00:00+05:30,1400.0,1421.5,1393.05,1412.5,1905585,0
2024-08-22 00:00:00+05:30,1412.45,1412.45,1384.65,1393.8,1683410,0
2024-08-23 00:00:00+05:30,1395.95,1398.0,1386.0,1390.9,711440,0
2024-08-26 00:00:00+05:30,1385.0,1392.0,1379.85,1388.65,1018915,0
2024-08-27 00:00:00+05:30,1389.0,1401.3,1380.4,1392.6,2277085,0
2024-08-28 00:00:00+05:30,1392.6,1409.65,1384.6,1399.85,1632585,0
2024-08-29 00:00:00+05:30,1379.65,1404.0,1377.8,1386.25,1784160,0
2024-08-30 00:00:00+05:30,1387.6,1409.0,1387.6,1406.25,3415210,0
2024-09-02 00:00:00+05:30,1409.95,1415.0,1366.0,1374.45,2354285,0
2024-09-03 00:00:00+05:30,1380.0,1382.8,1369.6,1370.75,1246805,0
2024-09-04 00:00:00+05:30,1369.55,1369.55,1353.4,1357.45,2177470,0
2024-09-05 00:00:00+05:30,1359.5,1369.75,1337.2,1339.15,2001265,0
2024-09-06 00:00:00+05:30,1339.8,1344.0,1330.6,1333.45,2074285,0
2024-09-09 00:00:00+05:30,1336.0,1343.2,1320.55,1331.2,1466880,0
2024-09-10 00:00:00+05:30,1338.8,1339.55,1322.65,1330.1,2328120,0
2024-09-11 00:00:00+05:30,1332.2,1349.85,1319.2,1322.5,1833720,0
2024-09-12 00:00:00+05:30,1340.0,1342.45,1316.05,1336.75,2663355,0
2024-09-13 00:00:00+05:30,1337.3,1339.8,1329.4,1332.15,1197575,0
2024-09-16 00:00:00+05:30,1338.0,1338.0,1326.3,1329.4,691625,0
2024-09-17 00:00:00+05:30,1328.0,1333.15,1320.6,1326.35,911735,0
2024-09-18 00:00:00+05:30,1329.4,1329.6,1306.2,1313.55,1239415,0
2024-09-19 00:00:00+05:30,1316.8,1322.5,1296.5,1300.5,4661780,0
2024-09-20 00:00:00+05:30,1306.95,1319.6,1297.15,1310.25,2823650,0
2024-09-23 00:00:00+05:30,1320.0,1332.4,1316.0,1330.9,1326620,0
2024-09-24 00:00:00+05:30,1330.9,1338.0,1316.05,1330.05,1962100,0
2024-09-25 00:00:00+05:30,1331.25,1341.5,1319.1,1338.3,2388280,0
2024-09-26 00:00:00+05:30,1342.95,1351.4,1332.85,1348.9,2842130,0
2024-09-27 00:00:00+05:30,1342.2,1354.5,1333.3,1350.0,2794555,0
2024-09-30 00:00:00+05:30,1351.0,1358.2,1342.0,1350.3,1827470,0
2024-10-01 00:00:00+05:30,1350.3,1357.1,1335.6,1349.8,1738090,0
2024-10-03 00:00:00+05:30,1356.0,1359.0,1338.4,1347.15,2277090,0
2024-10-04 00:00:00+05:30,1342.6,1346.6,1322.2,1326.65,1742335,0
2024-10-07 00:00:00+05:30,1336.7,1342.4,1316.2,1322.0,2224190,0
2024-10-08 00:00:00+05:30,1322.0,1333.6,1315.0,1331.2,1395550,0
2024-10-09 00:00:00+05:30,1339.2,1351.0,1329.4,1332.95,1680365,0
2024-10-10 00:00:00+05:30,1339.6,1339.6,1310.75,1316.6,1582735,0
2024-10-11 00:00:00+05:30,1317.0,1324.95,1309.0,1319.85,1130225,0
2024-10-14 00:00:00+05:30,1327.2,1338.2,1320.0,1332.0,1117595,0
2024-10-15 00:00:00+05:30,1336.8,1340.0,1321.05,1322.35,1423265,0
2024-10-16 00:00:00+05:30,1328.0,1349.2,1325.8,1342.2,1849620,0
2024-10-17 00:00:00+05:30,1348.95,1355.0,1330.1,1340.8,1819115,0
2024-10-18 00:00:00+05:30,1340.8,1354.8,1332.5,1348.2,1143115,0
2024-10-21 00:00:00+05:30,1354.0,1354.0,1337.2,1339.5,1175275,0
2024-10-22 00:00:00+05:30,1345.4,1351.0,1326.45,1332.5,1904985,0
2024-10-23 00:00:00+05:30,1331.85,1337.6,1318.0,1321.6,1548860,0
2024-10-24 00:00:00+05:30,1328.8,1328.8,1313.85,1316.55,1587305,0
2024-10-25 00:00:00+05:30,1314.0,1316.4,1290.0,1302.95,1285830,0
2024-10-28 00:00:00+05:30,1320.0,1325.9,1290.25,1311.5,829374,0
2024-10-29 00:00:00+05:30,1327.0,1335.4,1263.5,1274.7,1443741,0
2024-10-30 00:00:00+05:30,1273.0,1273.0,1228.8,1249.85,2065575,0
2024-10-31 00:00:00+05:30,1258.6,1283.65,1248.0,1274.2,1902206,0
2024-11-01 00:00:00+05:30,1280.0,1289.0,1201.8,1259.6,540201,0
2024-11-04 00:00:00+05:30,1259.6,1276.9,1250.55,1268.3,1771490,0
2024-11-05 00:00:00+05:30,1265.1,1279.0,1241.25,1272.2,1603920,0
2024-11-06 00:00:00+05:30,1274.0,1321.9,1251.6,1302.1,3908554,0
2024-11-07 00:00:00+05:30,1304.95,1309.0,1280.55,1287.35,1479152,0
2024-11-08 00:00:00+05:30,1292.8,1293.0,1259.15,1283.65,1328199,0
2024-11-11 00:00:00+05:30,1284.0,1295.25,1262.15,1287.9,1175591,0
2024-11-12 00:00:00+05:30,1287.85,1288.4,1258.3,1263.9,1110785,0
2024-11-13 00:00:00+05:30,1258.0,1265.05,1238.3,1245.0,995217,0
2024-11-14 00:00:00+05:30,1249.9,1253.0,1222.2,1226.7,1346891,0
2024-11-18 00:00:00+05:30,1206.1,1219.8,1170.2,1193.55,3367815,0
2024-11-19 00:00:00+05:30,1193.0,1232.0,1186.25,1213.45,1509716,0
2024-11-21 00:00:00+05:30,1174.9,1206.7,1172.5,1195.35,2121476,0
2024-11-22 00:00:00+05:30,1199.0,1223.2,1193.6,1214.45,763755,0
2024-11-25 00:00:00+05:30,1233.95,1247.0,1205.75,1209.3,3280431,0
2024-11-26 00:00:00+05:30,1209.0,1218.35,1203.2,1208.65,1190121,0
2024-11-27 00:00:00+05:30,1212.0,1215.6,1198.05,1199.9,1402977,0
2024-11-28 00:00:00+05:30,1209.05,1209.9,1188.45,1191.95,2819269,0
2024-11-29 00:00:00+05:30,1206.0,1219.35,1198.65,1202.3,2535820,0
2024-12-02 00:00:00+05:30,1214.25,1225.25,1202.3,1221.75,1826479,0
2024-12-03 00:00:00+05:30,1229.0,1229.0,1217.55,1224.5,2237453,0
2024-12-04 00:00:00+05:30,1224.5,1229.1,1209.6,1215.55,1435443,0
2024-12-05 00:00:00+05:30,1216.55,1249.5,1210.1,1239.85,3324867,0
2024-12-06 00:00:00+05:30,1246.0,1255.15,1236.35,1253.7,1717216,0
2024-12-09 00:00:00+05:30,1254.65,1261.8,1243.25,1255.15,1269332,0
2024-12-10 00:00:00+05:30,1250.0,1253.6,1233.0,1240.35,2025890,0
2024-12-11 00:00:00+05:30,1240.3,1243.4,1226.7,1238.55,1178864,0
2024-12-12 00:00:00+05:30,1244.8,1250.2,1226.35,1245.4,1648944,0
2024-12-13 00:00:00+05:30,1240.3,1250.2,1226.45,1246.35,1258819,0
2024-12-16 00:00:00+05:30,1246.35,1274.15,1245.2,1269.95,1920945,0
2024-12-17 00:00:00+05:30,1269.0,1270.95,1243.25,1247.65,2706166,0
2024-12-18 00:00:00+05:30,1251.9,1281.0,1249.55,1275.4,2823838,0
2024-12-19 00:00:00+05:30,1275.0,1331.35,1271.65,1325.6,7185903,0
2024-12-20 00:00:00+05:30,1326.0,1368.7,1317.4,1343.65,7499087,0
2024-12-23 00:00:00+05:30,1362.0,1367.0,1330.3,1341.35,3740109,0
2024-12-24 00:00:00+05:30,1347.0,1365.0,1336.2,1350.9,2587142,0
2024-12-26 00:00:00+05:30,1350.9,1360.2,1342.75,1355.15,1531359,0
2024-12-27 00:00:00+05:30,1363.05,1398.25,1345.5,1389.45,3656253,0
2024-12-30 00:00:00+05:30,1389.6,1392.0,1372.1,1376.9,2462657,0
2024-12-31 00:00:00+05:30,1370.3,1395.0,1366.55,1388.5,1892083,0
2025-01-01 00:00:00+05:30,1388.45,1389.05,1355.35,1369.0,1658723,0
2025-01-02 00:00:00+05:30,1371.45,1387.95,1370.05,1375.05,1726305,0
2025-01-03 00:00:00+05:30,1375.05,1378.15,1347.2,1352.65,1573592,0
2025-01-06 00:00:00+05:30,1360.4,1361.3,1333.8,1350.35,1539970,0
2025-01-07 00:00:00+05:30,1352.0,1373.05,1347.5,1351.55,1723188,0
2025-01-08 00:00:00+05:30,1369.5,1405.9,1358.0,1370.75,3456684,0
2025-01-09 00:00:00+05:30,1380.0,1382.95,1364.1,1371.6,1607980,0
2025-01-10 00:00:00+05:30,1366.1,1386.0,1352.6,1354.4,1582776,0
2025-01-13 00:00:00+05:30,1354.05,1354.15,1330.2,1335.1,2822318,0
2025-01-14 00:00:00+05:30,1335.15,1348.85,1323.65,1337.55,1370223,0
2025-01-15 00:00:00+05:30,1345.0,1345.0,1313.95,1337.2,1940371,0
2025-01-16 00:00:00+05:30,1340.9,1347.0,1297.0,1302.75,1195731,0
2025-01-17 00:00:00+05:30,1298.0,1320.7,1288.0,1309.4,1432206,0
2025-01-20 00:00:00+05:30,1308.35,1309.0,1293.65,1302.35,561642,0
2025-01-21 00:00:00+05:30,1302.35,1312.95,1285.65,1288.15,738787,0
2025-01-22 00:00:00+05:30,1291.0,1308.0,1288.0,1296.25,1301422,0
2025-01-23 00:00:00+05:30,1289.0,1303.95,1274.55,1289.4,1448659,0
2025-01-24 00:00:00+05:30,1229.95,1252.65,1203.5,1224.4,7082467,0
2025-01-27 00:00:00+05:30,1224.4,1234.35,1191.5,1197.65,2184847,0
2025-01-28 00:00:00+05:30,1197.65,1197.65,1164.65,1181.25,3142189,0
2025-01-29 00:00:00+05:30,1187.4,1192.45,1173.5,1181.2,3458251,0
2025-01-30 00:00:00+05:30,1188.0,1204.8,1184.0,1194.5,3290757,0
2025-01-31 00:00:00+05:30,1202.0,1221.0,1196.0,1217.35,1505147,0
2025-02-01 00:00:00+05:30,1220.4,1220.4,1200.09,1207.95,1066637,0
2025-02-03 00:00:00+05:30,1200.0,1220.0,1196.8,1203.85,1407877,0
2025-02-04 00:00:00+05:30,1207.0,1233.0,1201.45,1219.95,2239920,0
2025-02-05 00:00:00+05:30,1227.0,1233.1,1215.85,1227.55,1460238,0
2025-02-06 00:00:00+05:30,1234.9,1254.0,1230.2,1236.65,2990483,0
2025-02-07 00:00:00+05:30,1240.0,1243.75,1226.0,1240.4,1236992,0
2025-02-10 00:00:00+05:30,1239.7,1239.7,1211.05,1220.95,1565579,0
2025-02-11 00:00:00+05:30,1220.0,1222.9,1201.25,1209.8,1819297,0
2025-02-12 00:00:00+05:30,1218.0,1220.4,1202.85,1215.85,1306601,0
2025-02-13 00:00:00+05:30,1216.9,1243.0,1216.9,1223.6,4447231,0
2025-02-14 00:00:00+05:30,1223.5,1230.0,1186.25,1197.05,1211843,0
2025-02-17 00:00:00+05:30,1196.85,1202.0,1183.15,1198.95,613030,0
2025-02-18 00:00:00+05:30,1198.95,1204.95,1182.0,1197.4,1713796,0
2025-02-19 00:00:00+05:30,1166.0,1176.95,1127.5,1165.85,3062142,0
2025-02-20 00:00:00+05:30,1164.5,1174.15,1156.25,1170.95,1579890,0
2025-02-21 00:00:00+05:30,1170.7,1170.75,1145.25,1151.8,6828902,0
2025-02-24 00:00:00+05:30,1151.8,1173.9,1151.0,1164.55,2017521,0
2025-02-25 00:00:00+05:30,1167.15,1169.55,1122.5,1128.15,6463238,0
2025-02-27 00:00:00+05:30,1128.5,1136.35,1115.0,1125.55,3435069,0
2025-02-28 00:00:00+05:30,1128.7,1132.0,1104.55,1116.5,3895033,0
2025-03-03 00:00:00+05:30,1118.35,1130.25,1103.9,1119.6,1810605,0
2025-03-04 00:00:00+05:30,1111.1,1124.15,1105.05,1120.15,1074133,0
2025-03-05 00:00:00+05:30,1120.5,1129.0,1110.55,1126.4,1260157,0
2025-03-06 00:00:00+05:30,1135.0,1145.7,1118.65,1140.1,1648697,0
2025-03-07 00:00:00+05:30,1140.1,1145.2,1130.0,1133.25,790599,0
2025-03-10 00:00:00+05:30,1134.95,1137.15,1115.4,1120.2,950503,0
2025-03-11 00:00:00+05:30,1117.0,1126.95,1110.65,1116.65,884438,0
2025-03-12 00:00:00+05:30,1116.6,1116.65,1092.45,1105.15,1914579,0
2025-03-13 00:00:00+05:30,1105.15,1110.25,1095.05,1107.95,1299174,0
2025-03-17 00:00:00+05:30,1107.9,1154.1,1101.5,1150.7,2714559,0
2025-03-18 00:00:00+05:30,1157.8,1169.4,1149.0,1163.7,1734982,0
2025-03-19 00:00:00+05:30,1174.0,1177.7,1158.1,1172.1,1507415,0
2025-03-20 00:00:00+05:30,1178.95,1190.75,1165.3,1187.2,1521677,0
2025-03-21 00:00:00+05:30,1190.2,1204.65,1177.05,1200.15,2313824,0
2025-03-24 00:00:00+05:30,1205.0,1216.35,1190.25,1210.3,1660669,0
2025-03-25 00:00:00+05:30,1210.3,1215.95,1167.95,1177.9,2860907,0
2025-03-26 00:00:00+05:30,1177.9,1179.8,1152.65,1164.6,2864505,0
2025-03-27 00:00:00+05:30,1160.0,1172.4,1144.0,1162.2,4460409,0
2025-03-28 00:00:00+05:30,1159.25,1159.25,1140.75,1144.2,2762934,0
2025-04-01 00:00:00+05:30,1144.2,1164.4,1136.05,1152.2,4158012,0
2025-04-02 00:00:00+05:30,1150.0,1152.7,1135.0,1150.0,2071245,0
2025-04-03 00:00:00+05:30,1190.5,1226.9,1149.05,1151.45,6324685,0
2025-04-04 00:00:00+05:30,1151.8,1157.45,1076.2,1109.95,5423861,0
2025-04-07 00:00:00+05:30,1020.0,1098.85,1020.0,1087.9,3888037,0
2025-04-08 00:00:00+05:30,1100.0,1113.65,1088.7,1107.95,1577632,0
2025-04-09 00:00:00+05:30,1094.5,1103.25,1061.65,1094.05,5511474,0
2025-04-11 00:00:00+05:30,1139.9,1139.9,1102.25,1109.5,2740831,0
2025-04-15 00:00:00+05:30,1140.9,1158.1,1129.0,1154.9,2683350,0
2025-04-16 00:00:00+05:30,1150.2,1161.4,1143.7,1158.4,1451875,0
2025-04-17 00:00:00+05:30,1150.1,1173.6,1150.1,1163.6,2788024,0
2025-04-21 00:00:00+05:30,1163.4,1179.7,1155.0,1177.4,1938756,0
2025-04-22 00:00:00+05:30,1173.9,1180.5,1162.3,1175.0,1313400,0
2025-04-23 00:00:00+05:30,1185.1,1191.8,1175.9,1186.0,3192132,0
2025-04-24 00:00:00+05:30,1179.0,1210.0,1176.3,1200.5,4819678,0
2025-04-25 00:00:00+05:30,1203.9,1210.5,1159.7,1174.8,1286573,0
2025-04-28 00:00:00+05:30,1176.3,1205.0,1176.3,1198.7,1236678,0
2025-04-29 00:00:00+05:30,1204.4,1204.4,1169.0,1176.0,1663018,0
2025-04-30 00:00:00+05:30,1176.2,1196.6,1175.9,1183.9,1604442,0
2025-05-02 00:00:00+05:30,1176.1,1194.8,1171.4,1182.9,1306311,0
2025-05-05 00:00:00+05:30,1188.7,1193.9,1154.5,1171.3,1893680,0
2025-05-06 00:00:00+05:30,1172.2,1175.0,1129.4,1160.4,1990745,0
2025-05-07 00:00:00+05:30,1143.4,1164.6,1143.4,1160.7,1421366,0
2025-05-08 00:00:00+05:30,1152.7,1161.4,1142.0,1148.0,2616533,0
2025-05-09 00:00:00+05:30,1142.5,1167.0,1138.5,1155.9,1248574,0
2025-05-12 00:00:00+05:30,1155.9,1204.0,1143.9,1195.6,5065176,0
2025-05-13 00:00:00+05:30,1196.0,1241.0,1196.0,1207.1,3134295,0
2025-05-14 00:00:00+05:30,1213.3,1223.3,1193.2,1220.0,1197152,0
2025-05-15 00:00:00+05:30,1214.0,1239.8,1200.2,1236.3,2053553,0
2025-05-16 00:00:00+05:30,1238.9,1238.9,1221.0,1230.7,882873,0
2025-05-19 00:00:00+05:30,1228.3,1241.8,1214.2,1219.0,2235758,0
2025-05-20 00:00:00+05:30,1222.0,1234.4,1216.6,1224.2,1385750,0
2025-05-21 00:00:00+05:30,1225.1,1256.6,1220.1,1224.7,2615092,0
2025-05-22 00:00:00+05:30,1224.7,1229.8,1211.4,1222.2,2260610,0
2025-05-23 00:00:00+05:30,1228.0,1234.9,1216.0,1230.1,734297,0
2025-05-26 00:00:00+05:30,1229.9,1247.9,1228.7,1240.9,985434,0
2025-05-27 00:00:00+05:30,1243.9,1249.0,1237.3,1243.2,1145000,0
2025-05-28 00:00:00+05:30,1247.8,1252.2,1237.0,1242.6,766968,0
2025-05-29 00:00:00+05:30,1245.4,1253.4,1240.4,1248.2,1791885,0
2025-05-30 00:00:00+05:30,1248.2,1257.6,1241.0,1251.2,3161983,0
2025-06-02 00:00:00+05:30,1251.0,1251.5,1232.5,1247.7,1139977,0
2025-06-03 00:00:00+05:30,1250.0,1253.4,1240.8,1248.3,811620,0
2025-06-04 00:00:00+05:30,1248.3,1266.0,1246.3,1251.9,1387633,0
2025-06-05 00:00:00+05:30,1264.2,1303.4,1264.2,1290.6,3834672,0
2025-06-06 00:00:00+05:30,1295.1,1322.9,1295.0,1320.9,2158757,0
2025-06-09 00:00:00+05:30,1327.4,1329.0,1308.6,1319.1,1227356,0
2025-06-10 00:00:00+05:30,1321.0,1362.6,1321.0,1348.8,3022355,0
2025-06-11 00:00:00+05:30,1350.0,1355.4,1340.2,1351.1,1094247,0
2025-06-12 00:00:00+05:30,1360.0,1379.7,1343.5,1362.7,2625058,0
2025-06-13 00:00:00+05:30,1355.0,1366.8,1345.0,1362.5,1419556,0
2025-06-16 00:00:00+05:30,1359.8,1359.8,1342.2,1346.8,1294663,0
2025-06-17 00:00:00+05:30,1348.3,1349.7,1302.6,1318.8,1649457,0
2025-06-18 00:00:00+05:30,1311.1,1324.8,1308.8,1313.3,728945,0
2025-06-19 00:00:00+05:30,1305.0,1332.0,1304.3,1326.1,1654212,0
2025-06-20 00:00:00+05:30,1332.4,1335.0,1318.2,1325.3,1843895,0
2025-06-23 00:00:00+05:30,1318.9,1323.0,1302.1,1317.9,843945,0
2025-06-24 00:00:00+05:30,1317.9,1353.7,1309.1,1337.3,1011128,0
2025-06-25 00:00:00+05:30,1348.3,1348.3,1336.0,1341.6,833145,0
2025-06-26 00:00:00+05:30,1326.0,1333.7,1314.6,1321.5,2373431,0
2025-06-27 00:00:00+05:30,1328.9,1331.6,1298.4,1301.0,1770595,0
2025-06-30 00:00:00+05:30,1302.9,1305.0,1272.5,1283.3,2224279,0
2025-07-01 00:00:00+05:30,1286.3,1294.9,1273.3,1276.8,1851442,0
2025-07-02 00:00:00+05:30,1276.0,1280.9,1263.7,1270.8,2027306,0
2025-07-03 00:00:00+05:30,1274.9,1297.6,1270.0,1291.3,1918977,0
2025-07-04 00:00:00+05:30,1303.0,1313.0,1287.2,1307.4,1466009,0
2025-07-07 00:00:00+05:30,1307.9,1313.4,1298.1,1310.5,569025,0
2025-07-08 00:00:00+05:30,1310.3,1310.3,1273.6,1283.8,1602620,0
2025-07-09 00:00:00+05:30,1280.0,1285.7,1266.9,1269.4,1494337,0
2025-07-10 00:00:00+05:30,1262.9,1269.9,1252.1,1262.6,1246082,0
2025-07-11 00:00:00+05:30,1263.0,1272.0,1251.3,1254.7,895466,0
2025-07-14 00:00:00+05:30,1254.7,1261.4,1245.3,1250.6,1035555,0
2025-07-15 00:00:00+05:30,1254.8,1264.5,1241.0,1260.9,1183659,0
2025-07-16 00:00:00+05:30,1260.9,1262.0,1250.0,1259.4,1159859,0
2025-07-17 00:00:00+05:30,1259.4,1274.8,1255.5,1263.1,709420,0
2025-07-18 00:00:00+05:30,1265.0,1270.6,1251.1,1257.5,690731,0
2025-07-21 00:00:00+05:30,1250.2,1262.4,1245.2,1259.3,1065189,0
2025-07-22 00:00:00+05:30,1261.0,1263.6,1236.0,1240.0,1304352,0
2025-07-23 00:00:00+05:30,1240.2,1252.1,1231.0,1247.4,1088262,0
2025-07-24 00:00:00+05:30,1261.1,1287.9,1256.1,1265.5,3809212,0
2025-07-25 00:00:00+05:30,1266.0,1288.5,1261.2,1277.9,1621138,0
2025-07-28 00:00:00+05:30,1280.0,1290.0,1271.6,1287.4,1553778,0
2025-07-29 00:00:00+05:30,1287.0,1302.0,1282.8,1299.8,1943466,0
2025-07-30 00:00:00+05:30,1298.1,1298.1,1277.7,1292.1,1387013,0
2025-07-31 00:00:00+05:30,1274.5,1285.0,1257.0,1270.3,1968821,0
2025-08-01 00:00:00+05:30,1258.0,1259.0,1213.7,1220.6,2525210,0
2025-08-04 00:00:00+05:30,1225.1,1232.2,1219.2,1225.0,767310,0
2025-08-05 00:00:00+05:30,1225.0,1232.0,1205.0,1214.8,956582,0
2025-08-06 00:00:00+05:30,1214.8,1217.8,1187.5,1196.7,1701845,0
2025-08-07 00:00:00+05:30,1184.0,1210.0,1183.4,1200.8,1246560,0
2025-08-08 00:00:00+05:30,1200.8,1215.0,1195.4,1211.4,2389106,0
2025-08-11 00:00:00+05:30,1212.5,1237.0,1208.6,1219.5,1246374,0
2025-08-12 00:00:00+05:30,1210.0,1227.2,1204.1,1220.3,922461,0
2025-08-13 00:00:00+05:30,1220.3,1255.5,1219.8,1253.4,1192506,0
2025-08-14 00:00:00+05:30,1255.1,1266.0,1250.2,1260.4,1603933,0
2025-08-18 00:00:00+05:30,1270.0,1270.6,1241.1,1262.7,1648543,0
2025-08-19 00:00:00+05:30,1263.0,1263.8,1241.9,1244.2,1061816,0
2025-08-20 00:00:00+05:30,1244.0,1250.7,1238.0,1245.4,685379,0
2025-08-21 00:00:00+05:30,1245.4,1281.8,1240.3,1276.6,2008295,0
2025-08-22 00:00:00+05:30,1274.1,1284.1,1265.6,1277.6,1229920,0
2025-08-25 00:00:00+05:30,1277.7,1288.9,1275.3,1283.9,967056,0
2025-08-26 00:00:00+05:30,1276.0,1279.6,1259.0,1263.2,2798216,0
2025-08-28 00:00:00+05:30,1263.2,1267.4,1248.5,1259.8,1827890,0
2025-08-29 00:00:00+05:30,1259.0,1266.4,1240.8,1260.1,2422956,0
2025-09-01 00:00:00+05:30,1260.1,1285.0,1260.1,1279.9,1273903,0
2025-09-02 00:00:00+05:30,1279.9,1283.4,1248.0,1253.7,1632660,0
2025-09-03 00:00:00+05:30,1250.0,1265.9,1247.6,1262.2,1294925,0
2025-09-04 00:00:00+05:30,1268.0,1274.7,1249.0,1253.0,1230934,0
2025-09-05 00:00:00+05:30,1254.3,1271.7,1253.6,1268.1,769861,0
2025-09-08 00:00:00+05:30,1269.0,1277.0,1248.7,1250.6,969297,0
2025-09-09 00:00:00+05:30,1257.5,1295.8,1256.8,1291.3,1643726,0
2025-09-10 00:00:00+05:30,1294.4,1310.0,1293.7,1304.2,1232984,0
2025-09-11 00:00:00+05:30,1304.0,1311.0,1283.0,1303.1,1349391,0
2025-09-12 00:00:00+05:30,1303.1,1321.0,1302.8,1316.7,1042942,0
2025-09-15 00:00:00+05:30,1308.9,1311.8,1292.5,1300.8,1331182,0
2025-09-16 00:00:00+05:30,1300.0,1312.5,1296.4,1310.4,1034369,0
2025-09-17 00:00:00+05:30,1317.0,1318.2,1305.2,1311.4,716840,0
2025-09-18 00:00:00+05:30,1312.1,1325.8,1305.7,1322.7,822010,0
2025-09-19 00:00:00+05:30,1324.7,1326.8,1312.0,1321.7,1409571,0
2025-09-22 00:00:00+05:30,1320.9,1320.9,1293.5,1301.4,1399531,0
2025-09-23 00:00:00+05:30,1300.0,1311.9,1295.2,1308.4,1271238,0
2025-09-24 00:00:00+05:30,1303.3,1308.3,1294.4,1298.1,750456,0
2025-09-25 00:00:00+05:30,1298.3,1307.3,1268.0,1275.2,1241492,0
2025-09-26 00:00:00+05:30,1250.0,1278.5,1246.2,1253.1,2284377,0
2025-09-29 00:00:00+05:30,1265.0,1270.0,1231.0,1234.6,3899164,0
2025-09-30 00:00:00+05:30,1235.1,1240.3,1217.5,1223.7,2635047,0
